Jose,Nguyen
Kimberly,Farrar
Trevor,Barry
Joanie,Kingsley
Karen,Hart
JONATHAN,BURNSIDE
Camille,Rheault
Pamela,Fritz
Rene,Borrero
Karolyn,Abreu
Angeline,Shepherd
Audra,DiMasso-Scott
Alison,Riley
Amanda,Bessette
Angela,Edwards
Antoine,Wright
Ashley,Bourgault
Adam,Ferreira
Gladys,Abifang
Alissa,Anderson
Ashley,Antonellis
Theresa,Luiz
Aaron,Weisberg
Aaron,Neumann
Emily,Aarons
Aaron,Torres
Ana,Santos
Ashley,Almeda
Ashley,Barros
Andreia,Vieira
Allison,Avery
Anita,Barandao
Alana,Bassett
Amanda,Leon
Ahlam,Chehabi
Abdessamad,Tafasca
Abel,Brown
Dora,Osei
Abigail,Field
Valene,Baker
Abimbola,Johnson
Ashley,Blouin
Abolaji,Oladayiye
Amelia,Bradley
Elissa,Aldred
Anindita,Sarkar
Alison,Wahlstrom
Andrew,Carlson
Antonio,Martins
Amanda,Murphy
Sasha,Acosta
Alison,Coulombe
Jesus,Rivera
Ashley,Vaughn
Andre,Womble
Adalgisa,Mercado
Adam,Smith
Addie,Wahl
Amy,Dehollan
Adelina,Garcia
Ariana,DeMetrio
Amanda,Goguen
Adil,Benjelloun
Adina,Poras
Noelia,Adorno
Adrian,Kreminski
Adrienne,Ritchie
Alexis,Murphy
Alice,Tattersall
Afia,Ossei
Agatha,Mason
Agathe,Joseph
Mercy,Agbakwue
Amy,Gleason
Agnes,Dwumfour
Anna,Gorfinkel
Adam,Goulet
Agron,Sinanaj
Alexandra,Saint-Elus
Ana,Guevara
Ashish,Gurung
Agustin,Jaramillo
Patrick,AGYEMANG
Ashley,Harding
Alyson,Haskell
Aingeal,Kelly
AISHA,AHMAD
Angela,Jones
Aja,Johnson
Austin,Kallestad
Abigail,Watts
Antonio,Rivera
allan,kaigai
Anna,Kapanidis
Amanda,Ilaria
KELSEY,AKIN
Evan,Brown
Diemson,Jean
Alyssa,Mooney
MIndy,Rutty
Alanna,Shuman
Alannah,Tapia
Alba,Fuertes
Alice,Casavant
Amanda,DiFiore
Alden,Strodder
Aleasha,Sevoich
Alecsander,Sudit
Amanda,Leigh
Alejandra,Valentin
Alexandra,Ortega
Alexander,Bykov
Alexa,Schmidt
Alexa,Murray
Alexa,Bowden
Alexa,Elliott
Alexa,Jimenez
Alexa,Keough
Alexandra,Beland
Alexandria,Burton
Alexandria,Bolduc
Alexandra,Bello
ALEXIS,COURTNEY
Alexis,Nasraway
Alexandra,Schirmer
Alexxa,Cruz
Alexis,Fine
Alfred,Cotto
April,Hathaway
Kalisha,Alicea
Alice,Davis
Alicia,de Oliveira
Alicia,Stoveland
Tamekka,Major
Alina,Salustiano
Aline,Dubuisson
aline,aline
Alexandria,Libbos
Alisha,Mckay livsey
Alissa,Foss
Anne,Silvia
Allan,Morin
Allan,Sobon
Sean,Allen
Allesandra,Hollenkamp
Allison,Lall
Allison,Gallant
Allison,Brum
Allison,Kim
Allison,Drazek
Allison,Bourget
Alyson,Wahlberg
Allyson,DiPinto
Alma,Rreka
Victoria,Almeida
Anna,Kemp
Ashley,Rogers
Alisha,Shankar
Patricia,Alta Tarala
ALTIN,CENOLLI
Sandra,Altine
Sandra,Altine
Anna,Alvarado-Allen
Adriane,Alvarenga
Ariana,Alves
Alycia,Jurgela
Alysha,Buck
Alyson,Rotondo
Alyssa,Faria
Alyssa,Magro
Ama,Duodu
Alexa,Azevedo
Amaka,Achibiri
Amala,Sooklal
Elise,Domenech
Yue,Yan
Amanda,Lawton
Amanda,LaRosee
Amanda,Ayre
Amanda,Bearse
Amanda,Robare
Amanda,Reace
Amanda,Stevens
Elvenise,amazan
Ashley,Brown
Amber,Coley
Amber,Cancel
Amber,Mello
Amber,White
Kristopher,Ambrozewicz
Amber,Lamb
Alison,McKenney
Alicia,McKinnon
Agnes,Dao
Amelie,Lonczak
Alana,Gerald
DAMARA,AMILCAR
Amit,Talwar
Anne,Killilea
Anne,Bates
Ashley,Morin
Angelie,Murphy-Clarke
Amanda,Beasley
Abigail,Ampong
Amy,Veloz
Amy,Barendregt
Amy,Hayes
Amy,Li
Amy,Tumbarello
Amy,Mendez
Amy,Santanelli
Amy,White
Anastasia,Burns
ana,cruz
Ana,Janssen
Ana,Cardoso
Aisha,Namiiro
Ana,Muñoz
Ana,Pineda
Anca,Concu
Andasia,Jean-Baptiste
Andrea,Chatis
Andrea,Browers
Andrea,Nascimento
Andrea,Saiden Lopez
Andrea,Dargie
Jennifer,Barrientos
Andrea,Mischel
Andrena,Silva
Andrew,Cota
andrew,catallo
Andrew,Reghitto
Andrew,Chege
Sonia,Taylor
Sandra,Primo
Andrea,Sullivan
Anel,Martinez
Anethia,Farley
Angela,Oller
Angela,Duangsay-Warfield
Angela,Ramage
Angela,Rosa
Angel,LaFrance
Angeli,Alvarez
Angelica,Duque
Chinenye,Nwodim
Angelina,Sylvia-Gomes
Angila,Griffin
Anh,Tong
Abigail,Nisbet
Anita,Borbely
Aniqa,De Almeida
Anna,Whitetto
Anita,Pickens
Anna,Wilk
Anli,Xiang
Anllelina,Abreu Nicolas
Ann,Olsen
Anna,Smith
Annabelle,Ashley
Anna,LaPosta
Anna,Moran
Anna,Belizaire
Anna,Strock
Kimberly,Bufford
Athena,Cyrile
Ann,Dowd
Anne,Wehry
Anne,Freeman
Anne,Jean
Anne,Kearney
BARSANAT,BERNADEAU
Ann,Dowd
Anuska,Habchy
Annick,Clais
ANN,SARTORIUS
Ann,Clayton
Annette,Molina
Ann,Walsh
Annie,Zhu
Annkerry,Jean-Michel
Annya,MacDonald
Anthony,Martinez
Anthony,Hescock
Anthony,Milton
Antiapie,Reid
Antiapie,Reid
Travis,Edmonds
Cassandra,Antoine
Antonine,Pierre
Antonio,Darosa
Carolyn,Antuna
Anuli,Love
Ugochukwu,Anuta
Anya,Peterson
Andrea,Parent
Alexander,Paulino
Alexis,Perry
Annelise,Pfeiffer
ANNE,Phipps
Alexis,Pierre-louis
Kwame,Appiah
April,Cardona
April,Mo
April,Birch
Amanda,Perry
Halima,Aquil
Amanda,Raschilla
Abigail,Bregoli
Andrew,DesRochers
Arianna,Delaney
Arianna,Gregoire
Arianna,Robbins
Anthony,Riccio
Arielle,Croisetiere
arielle,rivera
Arilda,Neves
Arialdys,Medína Fernandez
Ari,Neuman
Ari,Sanchez
Ari,Sanchez
Arlenis,Baez
Armani,Almeida
Andrew,Romasco
Joyce,Toroitich
Angelina,Santiago
Aissata,Seck
Ashley,Senosk
alisha,serrano
Ashley,Balestrieri
Ashley,Brooks
Ashley,Coletti
Ashlee,Butterfield
Ashleigh,Sturgis
Ashley,Ribbans
Ashley,Jackson
Joshua,Caisse
Ashley,Nurse
Ashley,Vecchione
Ashley,Arsenault
Ashley, Braswell
Ashley,Dennis
Ashley,gonzalez
Ashley,Santospago
Ashleylynn,Mercedes
Asy,Nesbitt
Ashley,Tenczar
Ashley,Valentine
Ashley,York
Ashley,Zdanowicz
Ashlie,Taylor
Ashlye,Warner
Ashley,Pomata
Amy,Nace
Adriana,Solari
Alexia,Spinney
Alexandra,Stonehouse
Angela,Szarek
Taneisha,Anderson
Alexis,Taylor
Andrea,Callahan
Dina,Ath
Amanda,Fyock
Arlene,Tineo
Melissa,Atkins
Michelle,Macken
Anita,Machado
Audra,Kelliher
Audrey,Abend
Audrey,Gypsi
Amanda,Uguccioni
Kettia,Auguste
Bonnie,Topham
Aurelie,Cormier
Aurelie,Mukamusoni
Aurora,Foster
Aurora,Hysi
Austin,Cruz
Autumn,Vadenais
Avery,Hardaway
AVIAH,HILL
Avital,Tsivkin
Abby,Voyer
Annalie,Walsh-Costello
Abigail,Wieman
Ariah,Willemain
Andrea,Wilson
Hans,Awuah
Denice,Collymore
Ayva,Borelli
ernest,erie
Yashira,Calimano
Brittney,Crowley
Rabia,Abdullahi
Brittany,Leland
William,Walendy
Bouchra,Abbaz
Teanna,Babcock
Hidalia,Fernandez
Begona,Baeza- Diaz
Bailey,Hickey
LUKE,BAILLARGEON
Brianna,Alves
Lisa,Williams
Barbara,Connolly
Barbara,Bardhi
Barbara,Devine
Barbara,Beauboeuf
Barbara,Satchell
Barbara,Quirk
Barbara,Davis
Barni,Ahmed
kathy,pagano
Michael,Barranco
Barbara,Westgate
Brianna,Barsalou
Cristina,Bateman
Virginia,Bates
Michelly,Batista
LaQueen Arleen,Battle
Michael,Bavineau
Beverly,Lidonde
Melanie,Bisbee
Bryan,Clarke
Brittany,Davis
Brandie-Jo,Dellamano
Bridget,Diggins
Sydney,Beadles
Beatriz,Pequeno
Beatriz,Torres
Raelene,Pitt
Alberto,Yepiz
Rebecca,Busch
Rebecca,Hammond
Dawn,Beckman
Becky,Smith
Georgette,Rene Dimeus
Joseph,Jean B B
Belinda,Osei-opoku
Roger,Belanger
Stefanie,Acierno
Belkis,Gomez
Bellatrice,Alcindor
Tory,Bell
Benedi,Nyange
Jilian,Richard
Virlyne,Abellard
Benson,Ikegu
Christine,Miceli
Worakanya,Vichitjongkol
Theresa,  Bergevin
Bernd,Geels
Roberta,Eglitis
Beth-Anne,Bousquet
beth,Watrous
Kathryn,Horsley
Beth,Williams
Beth,Mwangi
Noah,Pratt
Beth,Reilly
Betsy,Zorrilla
Betsy,Fiorillo
Marie betty,Fontil mycout
Beatrice,Amollo
Lobet,Jackson
Beverley,Blake
Beverley,Lopez
Brittany,Ferreira
Barbara,Starkey
BETHANY,HALLINAN
Barbara,Hyppolite-Hilaire
Bianca,Dias-Pigott
Bianca,Roberts
Bianca,Gonzalez
William,Griffiths III
Billyanne,Beaulieu
Nowai,Binda
Birame,Ndiaye
Halima,Aquil
Isabella,O Connell
Barbara,Izekor
Ezra,Bizuneh
Brittney,Jackson
Barbara,Coco
Barbara,Sorensen
PRESTON,FREEMAN
Beverley,Blake
Blair,Chambers
Blerona,Bacaj
Nickalos,Rodriguez
Blessing,Obaseki
Blessing,Obaseki
Samuel,Balagadde
Brianna,Craveiro
Brooke,Marsh
Bruna,Barroso
BIANCA,Meant
Sarah,Mello
Becky,Goulet
Brian,Hill
Briana,Johnson
Breanne,Moreau
Bennetta,Swee
Bob,Smith
Robert,Landers
Bonnie,Fecowicz
Bonnie,Caron
Michelle,Gour
Kennard,Boothe
Dawn,Dingee
Laurie,Borriello
bismark,osei
Jennifer,SMITH
Elaine,Healy
Neil,O'Malley
david,clarke
Bouchra,Benkreira
Melissa,Boudreau
Beatrice,Quaye
Basirat,Quadry
Brandi,Moore
Brandon,Ekhator
Nancy,Brandon
Brandon,Lacross4
christine,holmes
Susanna,Macdonald
Robyn,Smith
Breanne,Grimes
Brianna,Murphy
Brian,Reilly
Brendan,Smith
Brenda,Ward
Brett,Enos
Brett,Holsborg
Brooke,Reynolds
Emily-Rose,Bergan
Briana,Robles Defigueiredo
Brian,Cook
Brian,Mathews
Brianna,Barsalou
Brianna,Campbell
Brianna,lane
Brianna,Joyce
Brian,Tierney
Peter,Ndanuko
Bridget,Desousa
Brie,Gascoyne
Brittany,Riel
Jenna,Briere
Karen,brightman
Sabrina,Johnson
Brit,Levinski
Brittney,Soares
Brittany,Ferreira
Brittany,Herth
Brittany,Bechtel
Brittany,Gustafson
Brittany,Pare
brittne,tozer
brittne,tozer
Brittney,Nystrom
Brittney,Bain
Kelcey,Brodeur-Bowlan
Brogan,Madden
Lacie,Mcfadden
Brooke,Taylor
Shelda,Brooks
Ben,Rose
Shawn,Browne
Melinda,Brown
bruce,tassone
Quinn,Shea
Joy,Harris
Brunilda,Lopez
Bryan,Hayes
Bryanna,Grange
Jennifer,Kanser
Shateah,Barnes
Brianna,Shea
Bryan,Richards
Bruce,Stockton
Braulio,Tellez-Vilches
Sandrine,KENGNE TENEKAMTE
Brianna,Tillotson
Christopher,Nollet
Vidanalage,De Mel
Donna,Byrne
Marissa,Burgos
Jake,Butera
Ebony,Butler
Esmeralda,Rojas
Benjamin,Chang
Byerly,Cline
Thomas,Leonard
Betty,Yu
Cameron,Sullivan
Chanelle,Scott
Kerstin,Cmok
Caitlyn,Bennett
Carmen,Peralta
Celia,Figuereo
Catie Anna,Auguste
Cynthia,Carden
Crystal,Galvin
Marlenia,Caceres
Christian,Silva
Aijah,Smith
Cristina,Cain
Caitlin,Taylor
Caitlin,McGuinness
Caitlin,Talbot
Caitlyn,Bonarrigo
Caitlin,Theodorou
Cali,Fino
Callista,Everett
Ida,Springer
Cameron,Keith
Cameron,Adelman
Cameron,Kent
Cameron,Wardle
Camille,Washington
Camille,Nommi
John,Campbell
Claudine,Anastasi
Candace,Wallace
Patricia,Baum
Steve,Nguyen
Cara,Klempner
Jonathan,Melo
Yesmary,Carela
Stan,Lambert
Caroline,Himmelman
JACOB,BYRAM
Carina,Ortiz
Carla,Prescott
Carlet,Paul
carlina,evora
Carmelle,Kenol
Carlota,Serre
Carmelina,Wilkie
Elissa,Carney
Carol,Bissett
Carol,Aloupis
Carol,Gokhale
Carol,Gonzalez
Carolina,Contreras
Caroline,Ramos
Caroline,Faherty
Carol,Pearston
Carolyn,Perez
Carolyn,Hall
Carolyn,Koszarek
Carolyn,Nowoswiat
Tanzia,King
Kimberly,Miner
Christopher,Carreiro
SHYRA,CARTER
Beth,Caruso
Cassandra,Santos
Cassandra,Capoccia
Michaela,Casey
Casey,Dion
Casey,Gaffney
casey,munroe
Alexandre,Casimir
Chesainaly,Montanez
Cassandra,Little
Cassandra,Rivas
Cassandra,Smith-Denson
,Smithdenson
Cassidy,Duggan
Cassandra,Moy
Cassandra,Hartwell
Cassie,Kumor
Cassandra,Rivas
Maria,Castillo
Catalina,Devaney
Catherine,Dennis
amanda,catano
Catherine,Chafe
Catherine,Conley
Catherine,Mullin
Catherine,Forcier
Catherine,Roy
Catherin,Perez
Cathleen,Kilmartin
Catie Anna,Auguste
Amy,Baptista
Carolyn A,White
Caylie,Gelfand
Caylin,Hayes
Clarisse,Barcelos
Chanel,Belim
Carl,Cacela
Cameron,Cadarette
Catrina,Caruso
Ciro,Castaldi
Christopher,Castillo
Carla,Aeaujo
Casha,Chillemi
Colleen,Collins
Caroline,Connelly
Chris,Conroy
Christine,Costa
Cynthia,Davila Acevedo
chanclaire,dennis
Cecilia,Harris
Cecilia,Toader
Cecil,Rogers
Connor,Dunn
Cee,Harris
Cheryl,Ekelund
Celeste,Morel
Mizza,Barros
Celina,Brown
Christopher,Mangels
Victoria,Cepeda
Casey,Fournier
Chanel,Frammartino
Casey,Gaffney
Colleen,Giangregorio
Chika,Gusiora
Chadwick,James
Chananita,Chhan
Chanaria,Godbolt
chanda,ingram
Vrinda,Chandar
Catherine,Handford
Steven,May
Chanice,Williams
linae,bratsburg
carlee,hanslik
Chantae,Humes
Chantal,Joy
Chantal,Poux
Leroy,Pearson
Naquarn,Charlemagne
Charles,Evora
Charles  T,Clarke
Marie,Charles
Charles,Ferranto
Charlotte,Barton
Charlotte,Davis
Chaya,Aronson
Alan,Brown
Chellsea,Sousa
Rachel,Marquez
Chelsea,Teto
Chelsea,hand
Chelsea,Kelly
Chelsea,Thompson
Cherie,McCurdy
Sandrine,cherilus
Linda,Bersche
CHERYL,VANDERMYDE
Cheryl,Cooke
Cheryl,Sicuso
courtney,hewitt
Cheyenne,Cardone
Cynthia,Lima
Cheyenne,Milton
JEFFREY,Reyes
Carolyn,Coburn
Dorcas,Mugo
Chimere,McBrayer
Tiffany,Chiu
Chizoba,Exe
Achille,Pierre
Chloe,Sondler
Ryan,Besemer
Chloe,Ho
Joseph,Lampson
William,Chow
CLISTENES,MENEZES-ODELL
Christopher,Romero
Christina,Nelson
Christine,Dwyer
Carol,Christensen
Christine,Grimaldi
Christi,Ruth
Christian,Lanphere
Christian,LaSanta
Christina,Donovan
Christina,Devlin
Christina,Menzie
Christina,Gilbert
Christina,Moody
Christina,Parent
Christina,Lewis
Christine,Sirois
Christine,Strojny
Christine,Agenor
Christine,Aruda
Christine,Frustaci
Christine,Lamarche
Christine,Pye
Christopher,Gren
Christopher,Palombo
Christine,Mensah
Claudio h,Silva campos
Jesus,Silva
Angela,Rice
Chylah,Clay
CIARA,RODRIGUEZ
Cibele,Aguiar
CICELY,Charles-Forgie
cicely,Charles-Forgie
Maria,Kennedy
Cierra,Bentley
Nicole,Cimea
William,Morales
Cindie,Dalegrand
Cynthia,Soby
Cindy,Nguyen
Cindy,Spain
Cindy,Zhu
Ilsa,Cintron-Madera
Wendy,Newhall
Cynthia,Godwin
CECILLE JOAN,FIANZA
Christopher,Frappier
Cathleen,Havey
Cathleen,Havey
Charles,Keutgen
CJ,Rambidis
Cynthia,Perez
Christelle,Kambaji
Casandra,Kemp
Charis,Roy
Crystal,Kibe
Carolin,Spahl
Claire,Mahoney
Clairna,Charles
Catherine,Langdon
Clara,Ryan
Clare,Brabson
Clementina,Sackor
Cara,Leonard
Cleverton,Simoes
Caroline,Glynn
Beth-Ann,Bark
Celestine,Logo
Celestine,Logo
Camry,Lowe
Lai Sim,Chiu
Mark,Clukey
Deborah,Clymer
Carolyn,Lynch
Carla,Ramos
Christina,Lee
Carolyn,Hebert
Christelle,Auguste
Caroline,Chisholm
Cara,Sullivan
Collin,Miller
Christine,Kraus
Candice,Ninteau
Christine,Rose
Charlene,Moran
Cameron,Payne
Clare,Ryan
Cameo,Steed
Courtney,Muchugu
Catherine,Mullinax
Carol,Mwangi
AGNES,CANASTRA
Grace,Scevola
Cecilia,Harris
Claudine,Aboo-Obounou
Florian,Schachtl
Cody,Lemay
Katherine,Coleman
Colette,Ciampa
Colleen,Trojano
Collette,Haskell
Icylyn,Whittaker
Colleen,Wages
Odalys,Colon
Cornelia,Dennehy
Tara,Conklin
Connie,Clark
Maria,Gomes-Montigny
Conor,Kay
Sherylee,Strout
Tiera,Cooper
Cora,Ligonde
Paula,Soares
Cordella,Bowen Thompson
Chari,Cordero
Christine,Louis
Corey,Shaheen
Corey,Murray
Cori,Lekites
Corine,Irish
Courtney,O'REILLY
Cory,Ross
Cynthia,Cosme
Wanda,Diaz
Cassandra,Costa
ASHLEE,BEAULIEU
Courtney,Keating
Courtney,King
Courtney,Condon
Courtney,Manson
Courtney,Hotton
Courtney,McManus
Courtney,Johnson
Courtney,Winsor
Chelsea,Peck
Clairedine,Pierre
Cabot,Rolt
Sherry,Francis
Cheryl,Quek
Claire,Rhyner
Carla,Richemond
Courtney,Rios
christine,mccleery
Crissanny,Uben Paulino
Cristina,Leduc
Cristine,de Chavez
Cailin,Roy
Candida,Shepard
Caroline,Rudd
Christina,Ruggiero-Corliss
Terri,Crump
casey,ryan
Crystal,Curran
crystal,farley
Crystal,Bennett
Crystal,Miranda
Crystal,Morales
Crystal,Shalhoub
Colleen,Faria
Catherine,Sauro
Christopher,Courtney
Christian,Spillane
Chelsea,Stokosa
Caroline,Sweeney
Deana,Hill
Christopher,Toromo
Mary Cullene,Murphy
Susan,Cummings
Kellie,Lynch
Alyssia,Cutler
Ana,Depina
Caroline,Wamae
Gertrude vanesa,Djimeli
Catherine,Marschall
Marguerite,Cycz
Jesse,Gomez
cynthia,channing
Cynthia,Robinson
Cynthia,Stone
Kedia,Cyprien
Cyrinda,Rodriguez
Cyrinda,Rodriguez
Irene,Jjuuko
Christina,Zazzara
danny,pinheiro
Donald,Ostertag
David,Barry
Denise,Dacosta
Dounia,Dahaoui
David,Petit-Frere
Dahlia,Pimentel
Dahyun,Kim
DAISY,Teixeira
Dainaliz,Almonte
Colin,Daly
Dale,Whitehead
damaso,diaz rodriguez
Jaysha,Hemingway
Dana,Brenman
Danahy,Ynostroza
Dana,Russo
Damiel,cartagena
Ilse,Rosario
Danica,Williams
danielle,couture
DANIEL,ABANKWA
Daniela,Bustamante
Daniel,Antoine
Daniela,Mancebo
Daniel,Johnson
Danielle,Brandt
Danielle,Pires
Danielle,Mattuchio
Danielle,Dussault
Danielle,Fitzgerald
Danielle,Machado
ROMEO,MENOU
Daphne,Jean
Daphne,Holland
Daphne,Psacharopoulos
DAPHLINE,DESRUISSEAUX
Loveth,Ogua
Dara,Burt
Darcelle,Jenkins
Daria,Casinelli
Dariana,Vasquez
Darlene,Smith
Darlene,Metellus
Darline,Upton
Darrah,Churches
Darren,Schuyler
linda,darveau
Danielle,Gilbert
danielle,stewart
Datsy,Aponte
Dominic,Auten
David,Egitto
Nehemie,Lamisere
David,Fitzpatrick
David,Johnson
Michael,Ortega
David,Gomes-Montigny
David,Pingree
David,Ball
Danielle,Davila
Tabitha,Davis
Dawenda,Dorce
Dawn,Cole
Johana,Saint Felix
Dawn,Cyr
Dawn,Wagner
Dawn,Summerville-Simon
Dawn,Martin
Dayna,Whitten
Diana,Muhoho
Domonique,Baptiste
Danielle,Benn
Deborah,Bonarrigo
Donna,Cawdette
Donna,Cerkez
Denise,Gnazzo
Diane,Chisholm
Deb,Cruise
Felicia,Lee
Derek,DeLuca
Daniela,Depina
DANIELLE DO,BASSIL
Dorothy,Douglas Rosario
Denise,Deleon
Deanna,Oxley
Marco,Dearaujo
DEBBRA,baker
Deborah,CHAULK
Deborah,Maynard
Deborah,Njonjo
Debra,Johnson
Denise,Mackinnon
Delores,Armstrong
Deerika,Richardson
Deaundre,Sanchez
Deana,Speakman
Diana,Tereshchuk
Dhana,Bhattrai
Danielle,Grace
DeElla,Johnson
Kelly,Demello
Demetria,Johnson
Demetrius,Richards
Dena,Tash
Danielle,Cunningham
Denise,Galvin
Denise,Lake
Denis,amollo
Dennis,Perkins
Dennis,Githinji
Dennis,Nunez
Denise,Doherty
Marie Denise,Elie
karen,densmore
Diana,Perkel
john,deppert
Derek,Olson
Derek,Leslie
Dernice,Oliver
Desare,Sapp
Deshana,Maddox
Desiree,Lowit
Desiree,Knurek
Justine,DesLauriers
Dessiree,Ortega
Desarae,Sylvia
Destanee,Griffiths
Diana,Estevez
Destiny,Tolentino
Devan,Bratcher
Margarwt,Devln
Devon,Evanovich
Dewin,Nimene
Destiny,Kraft
Debra,Gamble
Shannon,Dixon
Danielle,Fraser
Manabi,Dhakal
Shubhecchha,Dhaurali
Dennese,Farrell
Diamond,Cepeda
Timothy,Blaides
Diamond,Burrell
Diana,Ballerini
Diana,andrews
Diana,Glenn
Diana,Hanan
Diana,Abwoye
Diana,Githira
Diane,Amaral
Dianna,Goldberg
Dianurys,Mota
Leidy,Diaz Mendez
Sebastien,Dills
Dianns,Banda
Dimple,Dali
Dina,Costa
Dinh,Tran
Elisa,Dixon
Amy,Dizney
Jeffrey,Martins
Djeffrey,Jean philippe
Djihane,Abdelkebir
Danielle,Jensen
Dorothy,Thomas Davis
Duncan,Kampfe-Leacher
Karin,Dauphinee
Deacon,Kautz
Dorothy,Andrews
Denise,Leigh
Destiny,Long
Paula,Cadavid
Deann,Paul
David,Macharia
Dorcas,Wambui
Donald,Manley jr
Douglas,Marroquin
Donna,Ciocci
Danielle,Danforth
Michelle,Moore
Derek,Moalli
Diasia,Taylor
Danielle,Miozza
Danielle,Piantedosi
Michele,Weidner
Juliet,Ddungu
Domenic,Nicolosi
EVENIE,THELOR
Michelle,Jenkins
Rosemary,Rudloff
Thanawan,Greaves
Yasmin,Dolabela
Courtney,Dolaher
Leonie,Cesvette
KOMALBEN,PATEL
Dominic,Grant
Dominika,Taylor
DONAMARIE,THOMPSON
Donna,Colville
Maryann,Donovan
Dorica,Agudelo
Dorothy,Mccormack
Danielle,O'Shea
Dorothy,Omondi
Doug,Kennedy
Douglas,Obanyi
Elaine,Dow
Marie,Berrabah
Deep,Patel
Dominique,Patterson
David,Pedroza
Deluisa,Depina
Daphne,Jean michel
Dawn Marie,Placentino-Olen
Roxanna,Brito Rodriquez
Divyesh,Rathod
Drea’sean,Lacy
Dawanna,Harris
Deana,Ritchie
Dawn,Robinson
Ronald,Schulz
Dorcas,Santiago-Brito
Debra,Sentas
Danielle,Soule
Carline,Destine-Dupuy
Darlene,Distefano
Edythe,Fazio
Michael,Duffy
Duncan,Tamaona
dunia,velez
SHEREEN,Williams
Kerry,Dunn
Keith,Durkee
Dustin,Di Bona
DAVID,VALENTIN
David,Rizza
desiree,vinson
Danielle,Rodrigues
Collin,Dy
Jessica,Dyas
Dylan,Kidd Levy
Michelle,Kelly
Danielle,Zinnack
Erika,Chung
Emily,Eckerson
Emmanuelle,Paiva
Erica,Rowden
Ethan,Cohen
Elizabeth,Gerulaitis
Ellie,Getchell
Elena,Moreira
Eddie,Hernandez
Eartha,Stgermain
Donna,Eastwood
Ebony,Haith
Gladys,Abifang
Mutiat,Bamgbala
Ebony,Ayers
Ebony,McDowall
Ebony,Wheeler
Emily,Brank
Elizabeth,Carreiro
Eileen,Howard
Elizabeth,Coyle
Edanry,Rivera
Erika,Dellovo
Margaret,Edmondson
Edmund,Mugaragu
Eden,Abebe
Edward,Sadak
Marie Denise,Joseph
Eduarda,Rocha Da fonseca
Eduardo,Cocozza
Edward,Le
Edwil,Pascasio
Edwin,Saravia
Edwin,Agbonavbare
Edyta,Makusiewicz
Ellery,Beltran
Evan,Fahim
Eseosa,Enomayo Iyoha
Elisa,Erickson
Erin,Gurbey
Elizabeth,Fowler
Emeka,Chidebe
Eileen,Cook
Eileen,Moalli
Edwene,Jeanty
Elana,Sargent
Elizabeth,Pachus
Erin,Rote
Elizabeth,Kuilan
Elizabeth,Laorenza
Arnaud,Momo Fopa
Elayne,Trujillo
Elba,Colon
Eldine,Duarte
Eleine,Nherisson
Elena,Goldthwaite
Stephen,Mbapngong
Eliana,Field
Jorge,Andrade
Elizabeth,Egan
Eliene,Watson
eliene,dos santos
Elie,Zoyem
Elin,Zgonis
Elisangela,Lopes
Elise,Dubord
Elise,Pearl
Elizabeth,Howard
Elizabeth,Hernberg
Elizabeth,Baron
Elizabeth,Viens
Elizabeth,Williams
Heather,Briggs
Elizabeth,Jacksom
Rachelle,Juste
Elizabeth,Scamperle
Abdelellah,Nakal
Lori,DeNisco
Edylle,How
Ellen,Deng
Ellie,Stiebel
Ellen,Feliciano
Emma,O’Keefe
Elsi,Tutu
Elvis T.,Kokeh
Emad,Kassabgui
Emalee,Schell
Danielle,Rubin
Emma,Boland
Emily,Callahan
Alice,Emch
Everaida,Medina
Courtney,Emery
Daniel,Emery
Emily,Fernandes
Emil,Monge
Emily,Bready
Emily,Pacheco-Valente
Emily,Alperin
Emily,Thomson
Emily,Cabrera
Emily,Gorsuch
Emily,McGrath
Erynn,Mitchell
Emma,McKenna
Emma,Kandrac
Emmy,Argueta
Emily,Keohane
Emmanuel,Nelson
Elisa,Morris
Emily,Moulton
Elaine,Perry
Elaine,Shine
Erin,Murphy
Eddie,Musa
Ernelie,Nelson
Gustavo,da Silva
Melinda,Engel
Eleanor,Norman
Samantha,Mroz
Jessica,LaBrecque
Deborah,Enwright
Thomas,Oconnell
Edward,Pedro
Elizabeth,Perez
Emma,Platt
Emily,Rivera
Emma,Coakley
Erica,Caparrotta
Erica,Goncalves
Erica,Perry
Erica,Corley
Erica,Palm
Erica,Travers
Erica,Poissant
Eric,Riccio
Eric,Movio
Eric,Meszaros
Erika,Dubanoski
Erika,D’Agostino
,Dagostino
Erika,Senior
Erin,Costa
Erin,Doxsee
YuYing,Huang
Erin,O’Harte
Erin,Mercier
Erin,O’Brien
Eriona,Jackson
Erlinda,Bodden
Ernest,Aboagye
Ernestine,Vaill-Larocque
Ernest,Rowe
ernest,mensch-sarpong
Errin,D'Arcangelo
Anna,Hunter
Elizabeth,Sartini
Schadrac,Exantus
Elyjah,Collins
Eseosa,Enomayo
Elizabeth,Seymour
Esmirna,Amaya
Eugene,Smuda
Evan,Stentiford
Pagero,Pierre
Estefany,Roldan
Juana,Picón
Esmeralda,Rojas
Esther,Tan
Sophia,Estudante
Erika,Swain
Erika,Swain
Esther,Uka-Amaral
Elizabeth,Thacker
Elizabeth,Thacker
Sherry,Louis
Evelyn,Paul
Eugene,Forestal
Eugenia,Trammell-Goldsby
Eunice,Bastien
Eva,Hidalgo
Eva,Karimi
evan,goodman
Eva,Wu
Evelka,Rankins
Evelyn,Ortiz
Evelyne,Joas Paul
Evelyn,Miller
Aangelah,Everett
Evgjeni,Hysenaj
Leticia,Evora
Emily,White
David,Exe
Yinnette,Espino
Eyrami,Agbenya
florence,odunfa
Fabianne,Ferreira
Fabiola,Gaston
Sapphire,Fairchild
Faith,Hagler
Faith,Harvey
Faith,WalkerHeard
Fallon,Soye
Rui,Yang
Lindsay,Falvey
Fartun,yasin
Bambi,Fash
Gregory,Rodrigues
Angelique,Dove
Edwil,Pascasio
Fathia,Teye
Fadume,Ismail
Francoise,Augustin
Yanick,Joseph
Jasmine,Fawzi
FATOUMATA BARIKI,BARRY
Felicia,Baccari
Stephanie,rivera
Felecia,Keyes
Felicia,Ebika
Felicia,grabowski
Felicia,Wilson
Felister,Mburu
Kevin,Fenelon
Tamara,Jean
Fernando,Ortega
Leona,Ferris
Kimberly,Ferris
Fatumata,Fofana
fatima,gomes
Fidelia,Aimua
Janelle,Finnegan
Fiona,Redmond
Fiona,Lam
Fiona,Soucie
Fioreily,Yepez
Claire,Fiorelli
Harrison,Fish
Fridah,Javier-Llaga
Flavio,Dos santos
Jaclyn,Flaherty
Frances,Leblanc
Debra,Fletcher
Felicia,Lindbloom
isscilyn,desrosiers
Florence,Gathogo
Florence,Agbor
Florence,Martains
Florence,Aguinaldo
Floyd,barrows
MAIMA,Flumo
Frances,Norrington
Folake,Afolayan
Elizabeth,Foley
Alicia,Fonseca
Concetta,Forsyth
Natasha,Ford
Leslie,Green
Stephanie,Bell
Kristi,Foster
Fatimo,Qasim
Franceska,Franck
francoise,francois
Frandy,Boyer
Frances,Javier
Fransnor,Alexis
Sara,Foley
Sara,Foley
Frasier,Parish
Frederick,Anning
Fred,Allen
Susan,Kimani
Alexa,Azevedo
francelina,resende
Winfred,Nandutu
Fritzgerald,Fontin
Josette,John Sobers
Fjolla,Shehu
Fatima,Carcamo
Francesca,Mudzingwa
ADERONKE,FAMDEWA
Brenda,funez
Ntumua,diazabakana
GINA,DEMAMBRO
Geneva,Olcott
Gloria,Kelley
Barbara,Goodell
Gabrielle,Banzon
Somkenechukwu Gabby,Okeke
Gariela,Carreiro
Gabriela,Portillo
Gabriel,Decastro
Gabrielle,Coimbra
Gaetane,Blanc
Gail,Peltier
Alexandra,Gallinelli
Melissa,Poole-Dolan
Amelia,Garcia
Ilayra,Garcia
Gary,Brown
Margaret,Nsiah
Karen,Moore
Karen,Gaulin
Gaviela,Caraballo
Ashley,Gawlowicz
Gayle,Petitpas
Thiziri,Kechemir
Berngy,Guerrier
Gregory,Borsari
Gene,Brundage
Gail,Bueler
gianna,carlson
Gabrielle,Carmona
Gina,Castellano
Goetty,Cesar
Noel,Lopez
Gioia,Signorielli
Kayla,Geaney
Geenq,Whittredge
Michelle,Surprenant
Genesis,Kings
Alexandra,Saint-Elus
Genise,Desire
Gennesse,Alicea
Genesis,Soto-rodriguez
Genevieve,Mellyn-Mason
Geomaly,Castillo
Georgia,Hammond
Georgia,Campbell
Georgy,Badin
Geralda,Joseph
Geraldine,Rapela
Geraldine,Scott
Gershon,Atiawu
Gertrude,Faustin
Gertrude,Justin
Gestha,Cadet
Gina,Ferrari
Gail,Fuller
Gina,Gagliardi
Ghermite,Josil
Regina,McLaughlin
giannie,caraballo
Deandrea,Gibbs
Gracia,Walker
Gina,Kristek
Gina,Julian
Geraldine,Kelly
Gary,Kennett
Gladeline,Lopez
Gladys,Marquez
Virginia,Chacon-Lopez
Glenda,Zenquiz
Glenny,Arno
Gloria,Gillen
Gloria,Kaweesa
Gloriah,Pollard
Gloria,Finch
Gareth,McNamara
Maureen,Bonta
ryan,mcateer
GIZACHEW,AFRASA
Gina,Micucci
Gwayambadde,Kato
George,Joudrie
Allen,Godwin
Gold,Huntar
HORATIO,PEARSON
Ashly,Frias
Gloria,Gonzalez
Tierra,Gonzalez
Heather,Watson
Marie,Arthiste joseph
Meaghan,Gorman
Gerrianne,Owens
Grace,Menzie
Gracce,Coviello
Grace,Kelley
Grace,Swardstrom
Victoria,Graham
Antoinette,Grant
Phiona,Namanda
Guerda,Jacques Louis
Jada,Greene
Gregory,Gaillardetz
Gregory,Hickson
Gretchen,Hambrecht
Gretchen,Segers
Leslie,Grimes
Griselle,Rodríguez
Leigh,Riley
Grace,Scanlon
Graciane,Souza
Gayle,Swilley
george,taveras
Elaine,Gucciardi
Gisli,Gudjonsson
Guirlande,Eugene
GURLEEN,ANAND
ghassan,blell
Gustavo,Goncalves
Gaelle,Wagnac
Jennifer,McGuire
Gwendolyn,Larsen
Prince,Aboagye
Hayley,Brown
Holly,Bedford-James
Hayley,Bissonnette
wiame,haddad
Hadiatou,Diallo
Hailey,Wilcox
Hailie,Acevich
Haleema,Kamali
Haley,Smith
Dylan,Hall
Halle,Conway
Erin,Halligan
Hayman,Alzuhairi
Hannah,Wirtanen
Hannah,Woloschuk
Hanningtone,Obiero
Hanningtone,Obiero
Hannah,Wainaina
Molly,Hardiman
Kristen,Harpish
Cassandra,Hartwell
Eduardo,Alicea
Coleen,Hayes
Haylis,De La Cruz
Hannah,Buckley
Hudson,Chavre
Heather,Cyr
Hoa,Dang-penha
Hannah,Dingley
Holly,Tavano
Heather,Lovelace
Heather,Napoles
Heather,Schmidt
Heather,Rozen
Heather,Moore
Heather,Rourke
Heather,Proudman
heather,Wallace
Heather,Watson
,Watson-fournier
Troy,Hebert
Benjamin,Hedstrom
Heer,Patel
Heidi,Demedeiros
Heidi,Burke
Heidy,Madrid
helena,osei
Heather,Lane
Christian,Henderson
Henry Nickolas,Gomez
Ava,Douglas
Thanh,Nguyen
Catherine,Hermann
Herman,Ainebyona
Theresa,Heydecker
Hilary,Farlow
Hellen,Gilbride
Hannah,Jester
Heather,Greene
Halley,Haruta
Heather,Hernandez
Hilda,Medrano
Hillary,Lennon
Hillary,Lam
Kristin,Hill
Hilory,Thomas
Hilary,Mam
Hilvalin,Rodriguez
Hiren,Patel
Steven,Hirsch
Asia,Crump
Mokouteh,Toe
Jill,Smith
Henrika,Jean-Louis
Hannah,Landerholm
Harrison,Kime
Heidi,Johnson
Hannah,McKearney
Heather,Perry
Heather,McCauley
Heather,Stevens
Heather,Meunier
Hayley,Grimes
Hadley,Moreau
Hope,Moynahan
Ha,Nguyen
Heidi,Oakes
Hollie,O’Bryan
Cheryl,Kunasek
Alyssa,Hogan
Sydney,Hollander
Hollie,Smith
Holly,Klamm
Holly,Tremblay
Jennifer,Hong
Hope,Connaughton
Hope,Kellman
Janina,Horan
Amanda,Hover
Cameron,Howe
Hannah,Parrott
Hailey,Pimental
Herve,Pierre Jacques
Heavenly,Porcher
Heather,Santor
Heather,Saxe
Hannah,Torres
Rosa,Heather
Heather,Truesdale
Haleigh,Tyrie
Hudson,Chavre
Yasmine,Huerta
Emily,Hurley
Margaret,Brewster
Hibah,Magdum
Heather,Winer
Tune,Ibrahim
Ivonise,Brookes
Isabel,Carrasquillo
Icy,Bradley
Isadora,Eller
Ieshia,Price
Ian,Ferro
Sharon,Igbeka
Ramon,Valdez
Igor,Furtuna
Isabella,Schroeter
Ihinosen Queen,Eguaoje
Ingrid,Jovel
Kelley,Lane
Manash,Ali
Ilakya,Senthilkumar
Amanda,Ilaria
Iliana,Rivera
Imani,Johnson
imani,johnson
Imani,Hillman
Marisa,Sarnacki
Zakiyyah,Harris
India,Way
Indrani,Das
Ingrid,Dahlstrom
Bryant,Irby
irfan,siddiqui
Irma,Sivieri
Eric,Parent
Isabella,Russell
ISABEL,COLON
Isaac,Saki
Elba,Mercedes
Irvinia,Scott-Robbins
Isely, Naveo
Maitland,Ishmael
Perardine,Isidore
Irene,Signorello
Rhonda,Ursillo
Amy,Duffy
Issatou,Sano
Isscilyn,Dearosiers
Ileana,Traianou
Rosa,Smiley
Eva,Nieves
Iyiola,Milton
Isabella,Lopez
Judith,Daggett
Juan,Troncoso Jr.
Jazmine,Escobar
Jaclyn,Parseghian
patricia,johnson
Jillian,Allard
janice,Crespi
Jennifer,Jones
Jaime,HarfordRodriguez
Julia,Miele
georgia,brunelle
Jenna,Byron
JODI,LACAVA
JACELI,LARA-BAEZ
Jaclyn,Guarino
Jacqueline,Fox
Jacqueline,Johnson
Jacqueline,Kelley
Jackline,Gitau
Shavonda,Jackson
Jacklyne,Munyua
Jacqueline,Disso
Jacob,Albuja
Jacqueline,Ferrer
Jacqueline,Rivetts
Jacqueline,Gomez
Jacqueline,Rivera
Jacqueline,Young
Jada,Smith
Jada,Pridgen
Jade,Balicki
Jael,Costa
Jahely,Cespedes
Branden,page
Jailyn,Anderson
Jaime,Marchetti
Jaime,Ollendorf
Jaime,Goss
Jaime,Lopez
Jairo,Mendoza
Jacob,Ortiz
John F,Fay
jamie,barton
James,McLean
James,"Meade, Jr."
James,Bertrand
James,HYPPOLITE
James,Kimani
Jamlech,Ortega
Ross,Callahan
Jan,Galatis
Jannine,Austrie
Janae,Basch
Joanne,Charland
Alejandro,Brown
janelle,barowski
jane,tran
Jane,McGrath
Janessa,Rollins-Santos
Janessia,Lewis
Janet,Calderaro
Janet,Garrido
janeva,wheeler
Janice,Gargone
Janet,Annarummo
Janty,Jonah
Amy,Coughlin
Jaselyn,Miranda
Amanda,Dye
Carmen,Cooper
Jasmine,Yeboah-Boahene
jason,lerner
jason,WOLINSKY
Anna,Jaster
Jatoya,Reynolds
Jaclyn,Desrosiers
Jayda,Caraballo
Jayda,Seaton
Jayden,Ilacqua
Jaye,Bucknor
Jaylene,Quijada
Jessica,Whitfield
Jahid (Jay),Najafi
Jazz,Hicks
Jessica,Banco
Joseph,Bellabona
James,Berkland
Jassandre,Berlus-Jacques
Jennifer,Bocklett
Jennifer,Brevik
Jennifer,Bugos
Joanne,Johnson
Jennifer,Cartwright
Claralee,James
Josephine,Comstock
Juliet,Patrick
Jeanne,Craig
JennaRose,Danksewicz
Josie,Desjardins
Johanna,Dhivers
Jill,Doehling
Justine,Doyon
Jaime,Dorunda
Katia,Jean
Jean,Callahan
Jeanee,Decoteau
Jean,Fountain
Jeanie,Lee
Jean,Getchell
Jean,Montfort
Jean,Montfort
Jeanne,Tiedemann
jeannine,Hodge
Jean,Sully
Jean Jacques,Tekou Tekou
Jessica,Blaine
Jacqueline,Echavarria
John,Camelo
Jedi,Vazquez
Jeff,Goldman
Jeffrey,Louissaint
Jenna,Gunnell
jenifer,bakewell
Jennifer,Chapman
Jennifer,England
Jennifer,Fraser
Jennifer,Gago
Jennifer,Hong
Jennifer,James
Jennifer,MacNeil
Jennifer,MacDonald
Jennifer,Masciovecchio
Jennifer,Stirling
Jennifer,Grelle
Jenna,Dwy
Jenna,Bike
Jenna,Hensley
Jennah,Ventetuolo
Jennifer,Caron
Jennifer,Bushinsky
Jennie,Chaisson
Jennifer,Charos
Jennifer,Kirwan
Jennifer,Hann
Jennifer,Cooter
Jennifer,Whittier
Jennifer,Faye
Jennifer,Kushner
Jennifer,McCray
Jennifer,Paiz
Jennifer,Para
Jennifer,Loddo
Jennifer,Brown
Jennifer,Majeski
Jennifer,Washington
Jennyfer,Betancourt
Jennifer,Gagne
Jennifer,Gomez
Jennifer,Orbeso
Sandra,Czupkiewicz
Jermaine,Peddy
JERROLD,Connor
Jes,Levesque
Jesal,James
Jessica,Andrews
Jessica,Stasack
Jessica,Girard
Jesse,Clark Jr
Jessenia,Laureano
Jesse,Wellman
Jessica,Carrier
Jessica,Rodriguez
Jessica,D'Andrea
Jessica,Cyr
Jessica,Nunes
Jessica,McAlpine
Jessica,Labrecque
Jessica,Tavares
Jessica,Theriault
Jessica,Van Heynigen
Jessi,Conley
Jessica,Sepulveda
Jessica,Walsh
Jessica,Morpeau
Jessica,Joseph
Jessica,DeMacedo
Jessica,Palmer
Jessica,Poggi
Jahely,Cespedes
Rachel,Wood
Jennifer,Fiola
James,Firth
Jenny,Litenski
Jennifer,Fusco
John,Eisner
Jessica,Gendreau
Jennifer,Hall
juliana,gonzalez
Joshua,Gonzalez
Janis,Hedges
Jessica,Holden
Jhorialix,Plasencia
Jonathan,Howard
Jeremy,Jick
Jill,McKenna
Jillanna,Paolino
Jillian,McHenry
Rose,Delos Santos
JILL,Geoffroy
Jillian,Bonzani
James,Knowles
Jimmy,Medrano
JIMMY,RESENDES
Jinet,Camilo
Lani,Souza
Jesse,Vonwergers
Jennifer,Joslin
Jordana,Katiti
John,Kenneally
Jannat,Khusbo
Julie,Forbes
Jessica,Haffenreffer
Jarod,LaVarnway
Joseph,Lavoie
Jessica,Houle
Janet,Rousseau
JESSICA,SULLIVAN
JORDAN,TITUS
Joseph,Domenech
Jill,Lukin
James,Luong
Josephine,Finocchiaro
Julissa,Madera
Jesal,Madhvi
Jessica,Maley
Jeremie,Marcellus
Janell,Ortiz
Jazmin,Martel
Jordan,Martel
Jessica,Masse
john,mbiriizzi
Julia,McDermott
Jessica,McHugh
Jessica,Mcqueston
Juan,Merejo
jamie,Merritt-O'Toole
Jessica,Factor
JoAnn,Milford
Jeanne,Lobsitz
Julio,Reyes
Juliana,Murga
John,Moya
Alexis,Sarabia
James,Agudelo
Jacqueline,Smith
Jane,Murphy
Nicole,Cox
Jaynie,Davis
Jeanette,Gregg
Jacqueline,Nju-Ghong
jameela,nowell
Joana,Valbrun
Joana,Valbrun
Joanna,Farrell
Joanna,Macone
Joanna,Danias
Joanne,Charland
Joanne,Rivera
Joanne,Correa
Rosineide,Santos
Jaimee,O’Brien
Jocelyn,Rowell
Joshua,Civin
Jodi,Capraro
Jodi,Bernard
Jody,Williams
Angela,Oseghale
Joel,Colon
Josephine,Bismark
Denise,Zaccheo
Joseph,Lawlor
Johan,Asencio
Johane,Desruisseaux
Johanna,Thompson
Joanna,Nunez
John,Gould
Johm,Nova
John,Nova
Cathleen,Strauss
John,Rivera
Johnisha,Hardin
John,Keeton
John,Mullen
Johnny,Douglas
John,Kucera
Jolyn,Barreuther
Jonathan,Rogers
Jonathan,Doyle
Diamond,Holley-Jones
Jon,Gorman
Joan,Bailey
Jordan,Young
Jordan,Townsend
Douglas,Treadwell
Jose Antonio,Fernandez
JOSE,GARCIA
Joseph,Ives
Joseph,Carney
Joseph,Manyango
Joseph,Stallcop
Joseph,LaTorre
Joshua,Yardley
Joshua,Dunton
Joshua,MacLeod
Joshua,Altobelli
Joann,Selilo
Jocelyn,Baez
Josefina,Yamal Santiago
Jourdan,Rivera
JAMILA,OURIOUR
Bing,Shuai
Joyce,Wall
Joyce,Morales
Michael,Lane
Joy,Heck
Johnathan,DosSantos
Jessica,Peltier
Julianna,Peppers
Jamie,Perez
Jason,Fortin  Not CNA willing to help anywhere i can
James,Plaisir
Peter,jones
John,Taylor
Janet,Rebello
Jessica,Rickard
Jeannine,Rigollet
George,Reed Jr.
Jasmin,Rodriguez
Jean wilkens,Sainristil
Jesriel,Sansoucy
Barbara,Schmidt
Jennifer,Stell
Jonathan,Shadmon
Jaclyn,Shaw
Jose,Silva
Jeff,Theise
Jodi,DeJesus
Jackline,Thuo
JUDY,TIMPA
Guillermo,"Manares, Jr."
Julie,Tobey
Juan,Rosario
Juan,Aguirre
Juanita,Allen
Juanne,Chaney
Melissa,Robles
Juan,Lara
James,Dobson
Judith,Maina
Judith,Perez
Judy,Madden
Judith,Sylvester
Soomi,Maeng
Judith,Barry
Julene,Fenelon
Julie,Cleary
Julia,Zuber
Julia,Small
Julia,Fitzgerald
Julia,Loez
,Lopez
julian,collins
Juliana,Juarez
Julia,Nevins
Julie,Viens
Julie,Cotter
JulieAnn,Perez
Julia,Battel
Julie,Delicata
Julie,Dong
Julie,Speight
Julie,MacDonald
Julie,Martins
Julieta,Olivares
Julio,Morales
Julissa,allen
Juliah,Karobia Muthoni Ntomp
Junante,Petit
Junice,Laguerre
JUNIE-FED,PYRONNEAU
Juritza,Rodriguez
Justin,Cohen
Justin,Winn
Justine,Santiago
Julie,Louis-Jean
Jennifer,Vargas
Jacquelyn,Vivier
Jwanita,Stephenson
Jeffrey,Powers
Jennifer,Yalter
Jennifer,Yekel
Kate,Lee
Keri,Page
Katherine,Perkins
Katherine,Barahona
Kelly,Clougherty
Keneshia,Estime
Karla,Kahale
Kara,Lapierre
Kali,Maltese
Kacey,Linehan
Kadeesha,Brown
Kaeside,Unachukwu
Kimberly,Kafouse
clevers,mayama
Kaila,Simpson
Kaitlyn,Correia
Kaitalyn,Chunis
Kaitlyn,Jacques
Kaitlin,Spinney
Kaitlin,McCarthy
Kaitlyn,Flammia
Kaitlyn,Smith
Kaitlyn,Ziegler
Kaitlyn,Leahy
Kathleen,Kiely
Catherine,Allaby
Kally,Liolios
Alysha,Kamel
Nathan,Auger
Jackie,kamwendo
Kanaya,Brooks
Kandice,Johnston
Kerri,Carney
Kara,Shahzade
Jillian,Karageorgos
Mabel,Kabatalya
Karen,Ferullo
Karena,Karshbaum
Karen,Carreiro
Karina,Rendon
Karen,Martinez
Karen,Mathews
Karine,Antelo
Karine,Asatryan
Karine,Asatryan
Karissa,Butera
Katherine,Arroyave
Kary,Lei
Kasandra,Howard
KWADWO,ASARE-LARBI
Kasie,Leavens
KIMBERLY,LOOK
Kassandra,Potamis
Kate,Savage
Kathleen,Pratt
Kate,Bentley
Catherine,Nkeng
Kate,Chirigotis
KATUCIA,JEAN
Katelynn,Snell
Kate,Staff
Kathleen,McCauley
Katherine,Faiteau
katherine,nunez
Kathleen,Russell
Kathryn,Martin
Kathryn,Postler
Kathy,Keegan
Katie,Shaw
Katherine,Martin
Kathryn,Duso
Katie,Terrill
Katie,Paine
Katie,Wadland
KATINA,SCOTT
Elainr,Papachristos
Katrina,Wrba
katrina,nasuti
Kathryn,Williams
Katherine,Sheriff
Elisangela,Jackson
Kayla,Magalhaes
Kayla,Gerry
Kayla,Everett
Kayla,Wilson
Kayla,Alvarez
Kayla,Papasodero
Michaela,Protano
Kayla,Artz
Kayla,Roldan
kayla,savicki
Kaylee,Mcauliffe
Keila,Maldonado
Kayleen,Whall
Karen,Bain
Kate,Bentley
Kassie,Bibber
Kayla,Bibeau
Katelyn,Buckley
Kristen,Cahill
Karen,Carlson
Kathleen,Cunningham
Kathryn,Chamberland
Kelly,Colbert
Kirsten,Congdon
Kimberly,Crayon
Khahnty,Daraphet
kristen,Grant
Kitzia,Diaz
Kyung,Kim
Kate,Morse
Karen,Doherty
Kelly,Dollar
Kimberly,Lima
Keara,Allen
Kelleigh,Kearns
Kearra,Andrew
karen,Daley
kedma,lopes
Jennifer,Birtz
Kirsten,Thomson
Kyle,Hoffman
Kyle,Hoffman
Lakeisha,Allen
Keiry,Ramirez
Keith,Gill
Anna,Rice
Keja,Morris
Katherine,Murphy
Kelley,Rever
KELLIANNE,PRELLI-WILKINS
Kelli,Northrup-potter
Kelly,Gervais
Kelly,Carroll
Kelly,Pouliot
Kelly,Lahiff
Kelly,Powers
Kelly,Power
Kelly,Larson
Kelly,Lopes
Kelly,Portillo
Kelsey,Pavao
Kelsey,Werner
Kelsey,Sullivan
Kelsey,Harbiyeci
Kelsey,Walsh
Kelsey,Turnquist
Kelsey,Whipple
Hugues,kamonou
Sharon,James
Kendia,Frederique
Kenna,Callison
Kennedy,Boamah
Kenneth,Pitts
Kenol,Lauture
Kensia,Janvier-Henry
Kepha,Poisson
Kerri,Witt
Keri,Kurry
Keriann,Sylvia
Kerrie,ODonnell
KERRIE,PINA
Kerrine,James
Kerry,Cox
Kerry,Mouradian
Kerry,Berube
Kerry,Liu
Kerry,Cox
Keryn,Linskey
Marie,Norgaisse
Kevin,Yang
Veronica,Canales
Kevin,Riggs
Keziah,Odom
Keziah,Furth
Kayla,Fappiano
Kenneth,Fitzpatrick
Kyle,Canfield
Kiesha,Flematti
Kenneth,Flint
Kimberly,French
Katrina,Guberow
Katherine,Golden
Yekaterina,Kovalenko
Katrina,Guberow
Kizzy,Guyton
Kizzy,Guyton
Khadijah,Barber
Khafia,Mohamud
Khaled,Bendida
Kaila,Harris-carr
Kasey,Hayes
Kendal,Hendrick
Katelyn,Kenny
Fatma,Khamis
Kimberly,Hodges
Kiana,estrada
Kiana,Arias
Kianna,Garcia-Thibault
Kiara,Peralta
Kiara,Escalera
Kiara,Amorim
Skylynn,Delgado
Christina,Bowers
Kim,Clark
Kimberly,Morehouse
Kimberly,Gabriele
Jacqueline,Genao
Kimberly,Stinson
Kimberly,Harris
Kim,Hatch
Kim,Nguyen
Kim,Chaplain
Kimberly,Medeiros
Kimberly,Luque
Kim,Ohman
Kim,Donovan
Kimberly,Malynn
Danielle,Hylton
Kingdolph,Julien
Anne Marie,King
casandra,rosa
Kiri,Wang
Kishawna,Long
Kitzia,Diaz
Nicole,Kjersgard
janina,dreyer
Kaeli,Harney
Jondra,Keel
Kelsey,Ripa
Katherine,Maurice
Kristin,Keating
Kathleen,Kechejian
KEVIN,KINDAMO
Konstantinos,Koutsioumpas
Kevin,Quarterson
Kate,LaChance
Karen,Larsen
Kristin,Lee
Keriann,Walsh
krystal,Lipomi
Keryn,Lynch
Karen,Kelly
Kristie,Mccormick
Kirsten,Wade
Kimberlee,Woodliffe
Kimberlee,Woodliffe
Karen,Mahon
Krystine,Marckini
Katelyn,Muollo
Kristi,Marquis
Karen,Daley
KRISTY,MCFIELD
Kathleen,Fay
Kimberly,Harrison
Kristin,MORIN
Kristin,Dwyer
Shameer,Kunnathpeedikayil
Kaitlin,Soriano
Katherine,Taibl
KatherineMarie,Conover
Kelly,Myrto
Kathleen,Nally
Kristine,Naughton
Kaitlyn,Keenan
Christinette,Pompilus
Mariama,Thulla
Karlie,Kobylarz
Katherine,OConnell
Edmund,Otchere
Nunnaputt,Sittichokkrailert
Christian,Kohler
Joanna,Gray
Korine,Target
Gregory,Koulisis
Kourtney,Medeiros
Victoria,Kowalewski
Kelly,Palm
Kiara,Pearson
Kristen,Brillo
Kamila,Quiterio
William,Kramer
Kimberly,Ramos
Dawnmarie,Greene
Amy,Lutz
Takahryana,chase
Kevin,Rios
Kristen,Larocque
Krish,Patel
Kristyanna,Mogelinski
Jeanne,Devereaux
Kristina,Biasin
Kristina,Santiago
Krista,Provost-Tate
Kristen,Dow
Kristen,Gonzales
Kristen,Asklund
kristen,hyde
Kristen,Solomon
Kristin,Fischer
Kristin,Carey
Kristin,Lewicki
Kristina,Holloway
Kristina,Ellis
Kristin,Bunner
Kristine,Duhamel
Kristin,Figlioli
Kristy,Coache
Kristyn,Mitchell
Kimberly,Rockwood
Kiara,Rodriguez
Kathleen,Turpin
Krystal,Jones
Krystal,Peirce
Krystal,Copeland
Krystal,Brunelle
Krystal,Lipomi
Krystiana,DiMaro
Kathleen,Schipelliti
Kim,Serrecchia
Kim,Serrecchia
Kiara,Clements
Kevin,Soucie
Khalil,Tamari
Kripa,Thapa
Katia,Bulekova
Kendra,Kuhn
Karla,Ulebor
constance,Wauthier
Kurt,Cannon
Katelyn,Ventura
Kara,Thompson
Gideon,Dwomo
Kyle,Westhaver
Kwindja,Muderhwa
Kaitlyn,Mainville
Ta’kya,Lee
Kyana,Pena
Kevin,Yang
Kyara,Suazo
Kyara,Suazo
Kyeyune,Mayega
Kyle,Swanson
Kimberly,Goodman
Kyle,Zurwaski
Kylie,Angell
Kylie,Cardin
Kylie,Angell
LISA,HANSON
Thamara,Perez
Cheryl,Barry
Leah,Achungo
Alvin,Lackard
Lacy,Coviello
Marie,Jeanty
Julia,Agbonavbare
lafontant,joseph
Rylie,Lage
Johanna,Laguerre
onuhumma,opara
Lain,Scotland
Janiel,Laing
Laken,Mcdonald
Laura,Rice
Lori,Alford
Lalitha,Mantha
Catherine,Lambert
Landon,Larson
casey,lane
Allison,Langkopf
Samson,Waweru
Laquana,Mcnatt
Laqueitia,Supo
Lara,Seixas
Larissa,Dayrell
Larissa,Ribeiro
Devon,LaRosa
lashawnda,bryant
Lassana,Dorleh
Lasse,Struppe
Manuela,Castro
Latisha,Jackson
Latoya,Alston
Donna,Latson
Donna,Latson
Latwanya,Cool
Laura,Wiesman
Laura,Caristi
Laura,Ryder
Laura,Scheinfein
Laura,Wasserman
Laura,Gentili
Laura,Cline
Laura,Bettez
Laura,Gruszka
Laura,Filep
laura,VanderBurgh
Laura,Veras
Laura,Williams
Lauren,Cadarette
Lauren,Mastronardi
Lauren,Nassr
Lauren,Coffin
Lauren,Berry
Lauren,Enos
Lauren,Jussaume
Lauren,Macdonald-Rathbun
Laure,Porter
Laurie,Charles
LAURIE,ROZELL
Laurina,Franklin
Lawrence,Alexander
Andrea,Lawson
Theresa,Williams
Lazara,Lugo
Lauren,Barry
Luis,Bautista
Brooke,Rosales
Linda,Buchanan
Nikolay,Buzhin
Laura,Hamel
Lillian,Chubbuck
Laura,Poplaski
Laura,Overdevest
Lisa,Davis
Dorie,Philippe
Lisa,Martino
Leigh-Anne,Duffney
Lea,Belmont
Maria,Belicio
Leah,Daisy
Leah,Maihos
Leah,McGill
Paul,Leahy
Leakhena,Rosa
Leaney,Nova
Lea,Saab
Chantale,Souffrant
Henilma,Eldridge
Mikayla,Flores
Eileen,Haley
Stanley,Mungai
Lauren,Egbert
Leilani,Cardona
Leigh,Melder
Leisha,Dejesus
Thuylan,Le
Leonard,Hairston
Leonilda,Morrobel
Eduarda,Teixeira
Lisa,Sears
Lesley,Vonderheide
Maria Leslie,Rubin
Leslie,Alves
Leslie,Cruz
Lester,Clark
Leticia,De Oliveira
Maria,Jimenez
Quyen,Le
Christopher,Lewis
Alexandra,Russo
Alexandra,Baldwin
Alexis,Kupiec
Leyla,Brito
Lorenzo,Finch
Lauren,Guerra
Lauren,Eadie
Renata,Gremiao
Marissa,Eaton
Liana,Lopez
Liani,Castro
D. Elizabeth,Bass
Carol,Stearn
Lidia,Collazo
Liri,Golemi
Lilibeth,Pimentel
Lilian,Dolbier
Jessica,Sousa
Lillian,Morse
Lillian,Otokhagua
Stephanie,Tejeda
Lily,Pallas
Jarelys,Lima
Liza,Brown
Rafelina,Garcia
Linda,Ta
lindsay,golden
Lindsey,Perko
Lindsey,Fellows
Lindsey,Fellows
Lindsay,Gaudencio
Kellee,Line
Ling,Soucy
Linda,Jarrett
Linsay,Bumila
Lindsey,Smith
Lindsay,Bourque
Lisa,Hernandez
Lisa,Bogdon
LISA,POULIOT
Lisa,Waynick
Lisa,Crain
Lisa,Smith
Lisa,Erickson
lisa,Hollander
Lisa,Klinkenberg
Luisa,Luciano
Lisa,Bessette
Lisa,Diaz
Lisa,Troy
Lisa,RItchie
Elizabeth,Powers
Lisa,Slotnick
Lisa,Celestin
Lisa,Padilla
Lisbeth,Florestal
Melissa,Clifford
Melissa,Corey
Pornchanok,Thawaingoen
Lauren,Sullivan
Olivia,Brancato
Olivia,Chorlian
Alivia,Fazio
Elizabeth,Livingston
Elizabeth,Gudmand
Elizabeth,Levesque
Liza,Nadal
Liza,Addo
Elizabeth,Bohart
Elisabeth,Harty
Liz,Vazquez
Elizabeth,Kiruki
Elizabeth,Petursson
Lizzette,Torres Lopez
Elizabeth,Zhang
Laetisha,Jean-Pierre
Lisa,Hamilton
Linda,McCoart
Lauren,May
Laurie Jayne,Toledo
Laura,Rose
Margarita,Flores
LauraLee,Riley
Lauren,Seitz
Laura,Mackey
Lynn,Mann
Lynn,Mann
Lindsay,Bates
Lisa,Duggar
Lisa,Erickson
Linda,Miranda
Lisa,Cardenas
Lisa,Kelly
Lisa,Liquori
Lorena,Martz
LAUREN,O'CONNOR
Lauren,Kerr
Lobens,Lorime
Laura,"O""Donnell"
Tonya,Lofton
Logan,Dobrott
Loi,Nguyen
Larissa,Andrade
Katie,Lombardozzi
Sophia,Longdaue
Denise,Lopes
Eugenia,Lopes
Luisa,Lopes Santos Andrade
Tracy,Lopes
Philip,Enyong
Loren,Spencer
Lorenzo,De Los Santos
Lori,Foster
Lorraine,Thomas
Lauren,O'Shea
Lauren,OShea
Carlos,Quesada
Robert,Grove
Shannon,Loughnane
Yvette,Desruisseaux
Yvette,Desruisseaux
Kathleen,Louis
Louise,Ford
Jenny,Louissaint
Michel,Louniane
Lourdine,lambre
Lovely,Bien-Aime
Anela,Jeanlouis
Lowell,Parra Ortiz
Laura,Paul
Lauren,Pellett
Linda,Phan
LISA,LUKE
Alexandra,Porter
Lily,Chamberlain
Luiz,Simoes
Leah,Dickman
lindsey,renshaw
Lily,Reynolds
Laura,Murphy
Lisa,Keegan
Lauire,Sequeira
Laurie,Sequeira
Lourdes,Serrano
Lydia,Simmons
Laura,Soukkavong
Lorraine,Stewart
Lucy,Sun
Loretta,Tate
Tracy,Sheppard
Linda,Le
LANH,TRAN
Luarytza,Quinones
Luba,Feigenberg
Osmene,Lubin
Thanh,Le
Katelin,Luce
Luchy,Antonio Valerio
Lucinda,Arruda
Luci,Leonard
Lucretia,Washington
Lucy,DePaula
Luisa,Davila
Luis,Rosado
Lulu,Caca
Barbara,Luma
Luna,Hino-Nakayama
Lupita,Pryor
Luzssette,alberto
Luz,Serrano
Loida,Velez
Leah,Myrtil
Lindsey,Whelan
Lorna,Thagichu
Lydia,Lyman
Lydia,Muthoni
Lydia,Lyman
Lyfranson,Altine
Lynda,Fouche
lynne,gualtieri
Heather,Catanzaro
Lynn,Marhefka
Alyssa,Holmes
Saskia,Florestal
Alyssa,Martins
Dusya,Lyubovskaya
Shanell,DeLaRosa
Hailey,Patel
Cassandra,Moraca
Michelle,Loomis
Mariam,Kasozi
Maria,Mateo
Michelle,Mansi
Maria,Berio Cruz
MabelSarah,Lubogo2
Amanda,MacDonald
Alexsandra,MacDonald
Marc,Charlotten
Mackentoch,Didier
mackenzie,hoyler
Mackenzie,Palma
Jessica,MacLennan
Mackenzie,Misterka
Maria,Vicente
Madeline,Lubin
Madeline,Anthony
Melanie,Derby
Melissa,Deren
Madeleine,Pilgrim
Madison,Conrad
Madison,McSherry
Madison,Adams
Madison,Dewinkeleer
Madison,Lawrence
Maeghen,Berube
Magalita Bernadette,Cazeau Pierre Louis
magdalana,siegel
Mariam,Sadek
Margaret,Maytas
Margaret,Saliba
Maher,Brikae
Mahlet,Asres
Mahlet,Asres
Mahlet,Goshime
Mahmodul,Hassan
Tamekka,Major
Jordan,Malatesta
Charles,Disponett
Malika,Elkhalloufy
Kimberly,stepanian
Michelle,Alleby
Hung,Diep
allison,locke
Mary,Amofa
Monique,Denaud
Amanda,Walukevich
Amanda,Blake
Mandi,Andrews
Marie,James
Mandi,Marques
Mandisa,Johnson
Amanda,Hall
Mandy,Tetreault
MIRANDA,WANG-QIAO
DiAnna,Mannone
Manuela,Castillo Ortega
Marcia,Parisi
Michelle,Apazidis
Meghan,Peebles
Maranda,merrill
Marcel,Carrier
Marcela,Martinez
Marcelo,Knapik
Marcia,Ramos
Marcia,Norat
Marcdonald,Marcelot
Margaret,Nsubuga
Margaret,Isang
Margaret,Robbins
Martha,Gómez
Marjorie,Lukacher
Danielle,Marhefka
Maria,Bilzerian
MARIA,MESQUITA
Maria,Cunanan
Maria,Pelletier
Mariah,Mason
Maria,Arroyo
MARIA,MORENO
Mariangelys,Negron
Marianne Fe,Galeno
Marie,Joseph
marie,mclaughlin
Bryana,Jacobs
Marie-Gabrielle,Isidore
Marie,Leoma
Kristin,Reeder
MARIE,RAVIX
Mary Susan,Nakawombe
MARIE,VOIGHT
Mary,Bailey
John,Dibble
Marilyn,Blackwell
Lucia,Castro
Marinna,Gossselin
Hannah,Marino
Marisa,Rodriguez
Marisela,De la cruz
Marisol,Millayes
Marissa,Farrell
Marissa,Gaskin
Maritza,Flores
Mariyam,Hajidamji
yvette,Bennett
Mark,Stabile
Mark,Chason
Mark,Corbett
Mark,McLaughlin
marko,Gerges
markabo,ibrahim
Marlea,Joseph
Marline,Jeanty
Edmando,Marquez
Nic,Jones
Marquise,jones
Wendy,Marte
Dawn,Crosby-Korzeniowski
Paige,Marthey
Courtney,Wass-Martineau
Kelvin,Martinez
Martin,Labinger
Mary,Dick
Mary,Moriarty
Maryam,Canty
Maryann,Doe
maryanne,murphy
Maribel,Torres
Mary,Leder
Mary,Innocenti
Mary,Kamunya
Mary,Gaffney
Mary,Dow
Mary,Coiro
Mary,Murphy
Mary,Rizzi
Mary,yan
Marie,Veillard
Mariah,Mason
Massey,Reich
Massiel,Rodriguez
Massiel,Castillo
MATHEW,BOURGEOIS
Matthew,Gribbroek
Matthew,Curtis
Matthew,Atlas
Matthew,McNeill
Matthew,Ring
Matthew,Silva
Matthew,Emerson
Janice,Carter
Maura,Maddox
Maura,Maddox
Pauline,Emeanye
Maureen,Fisher
maureen,hansen
Maureen,kellman
Max,Gretschel
Maxime,Mascary
Dahlia,Maxwell
Maya,Desmond
Marie Mica,Mayan
Maybelys,Melendez Peguero
Mayeli,Lopez
Mayra,Lopes-Campos
Emmilienne Mauricette,Koussou  Azizet
Maribeth,Barrows
Melissa,Rivera
Mackenna,Belton
Marie,Federico
Nehemie,Jean
MELISSA,REED
Maria,Burke
makayla,cardoso
Madison,Calcagni
Leah,McCarthy
Carol,McClafferty
Patricia,Mcculley
Margaux,Dockerty
maureen,fitzpatrick
Martise,Goulbourne
Hannah,McGowan
Melissa,Croal
Madeline,Wood
Michelle,Chung
Mckenna,Hollosi
Mckenzie,White
Arianne,McKinney
jeffrey,Mcnally
Andrea,McNeil
Mary,Holleran
Mboya,Coward
Malinda,Candora
Madeline,Terry
Merredith,Cunniff
Mary Catherine,von Jess
Monica,Lavallee
Megan,Connell
Matthew,Del Valle
Makayla,Dones
Relfa,Proano
Sharlie,Chan
Misty,Hounshell
Marisol,Garcia-Sanchsz
dawn,manning
Meagan,Bowcock
Meagan,Lucia
Meagan,Flaherty
Meagan,Hildreth
Meaghan,Devine
Meaghan,Moy
Meaghan,Bonner
Meaghan,Mort
Meaghan,Martin
Meagan,Rios
Michelle,Cameron
Maeve,Connolly
Adam,Munroe
Michelle,Stefanilo
Devon,Meek
Megan,Marx Delaney
Megan,Boelzner
Megan,Bosse
Megan,McCarty
Megan,Bannon
Margaret,McLaughlin
Meghan,Mulloy
Meghan,Fagan
Meghan,Brown
Meghan,Keller
Meghan,Mccarthy
Megan,Tucker
Meaghan,Mooney
Megan,MCCANN
Matthew,Eidukinas
Maria,DePina
Melanie,Leavitt
Melanie,Mulkerrin
Melanie,Fasoli
Melanie,Devasto
Melissa,Robles
Melinda,Evans
Melinda,Ocasio
Melisa,Martinez
Melissa,Baril
Melissa,Colon
Melissa,Brace
Melissa,Preston
Dilva,Barbosa
Melissa,Elwell
Melissa,Gray
Melissa,Hall
Melissa,penna
Melissa,Pereira
melissa,shores
Melissa,Sorrentino
Melissa,Wing
Mary Ellen,Graziano
Melissa,Medor
Mellissa,Small
Nehemie,Jean
Whitney,Mendes Celestin
Emmanuel,Oteng
Tamera,Bonner
abdelkader,merazka
Meredith,Joseph
Meredith,Baker
Meredith,Mello
Meredith,Mello
Merissa,Short
Meron,Harrigan
MEROUDJINE,STJEAN
Bridget,Flaherty
merys,sanchez
Jeff,Meserve
Meshack,Gichangi
Caitlin,Bradley
Metushael,Jacques
Marlon,Francois
Maryellen,Fahey
Mary frances,Crowley
Mary,Summers
Maureen,Figueroa
Morgan,Beady
Marie,Gedeon
Maria,Herrera
Maria,Herrera
Michael,Gitschier
Maria,Gorham
Marianne,Gorski
marcia,haigh
Melanie,Haswell
Maria,Bilzerian
Marsha,Hall
MARIE,HILLAIRE
MARLENE H,ANDRADE
Michelle,Horner
Megan,Horrigan
Michele,Vieira
Micayla,Zelny
Michaela,Lovett
Michaela,Shaw
Amy,Iodice-Bostwick
Michael,Murphy
Michael,Evans
Michael,Seifried
Michaelle,Dantica
Michael,OMIONGA
Michael,Danielson
Michele,Curra
Michele,Moynihan
Michele,Heron
Michelle,Murphy
Michelle,Helminen
Michelle,Jacobs
Michelle,Moreira
Michelle,Cecca
MICHELLE,GUILLAUME
Michelle,Igoe
Michelle,Lee
Michelle,Ives
Michelle,Owusu
Michelle,Somoza
Michelle,Varrichione
Karen,Bradley
Midori,Gleason
Nikki,Miele
Miguel,Pinales
Mikayla,White
Mikayla,Miranda
Michael,Gillett
Michael,Dumais
Michael,McCallum
Mike,Le
Michael,Ortiz
Michael,Rocheleau
Milagros,Pellegrino
Milagros,Rivera
Milburn,Devenney
Mileiby,Rodriguez
Milena,Moniz
Mileny,Campos
Shaquana,Miller
Millicent,Rothman
Milliscent,Udeani
Carmen,Rodriguez
Nelly,Arocho
Minerva,Fowler
Christian,Gonzalez
MICHAEL,LEBER
Mirasol,Murray
Miriam,Ouma
Uju,Mirilla
Kwok Wing,Lai
Mirlaine,Joseph
Mirna,Flores Raudez
Sady,Barraza
Giuseppina,Jolly
Erica,Emrich
Kristina,Manico
DAISY,LOPEZ
Melissa,Southwell
Melissa,Arnett
Nicole,Alix
Crystal,Belton
tinamarie,mizzero
Michaela,Callahan
Marissa,Ortiz
Molly,Rose
Maryann,Kallon
Marykate,Collins
Maureen,Kellman
Michelle,Miranda
Manisha,Koirala
Meghan,Tomalin
MELANIE,LEAVITT
Marie,Jean
Mandy,Fernald
Megan,McDonald
MaryAnne,Catanzaro
Loydie,Juste
Marie M,Almeda
Megan,Mannino
Mikhaila,Marecki
Monica,Matias
Marcus,Maulucci
Meaghan,McGovern
Veronica,McMillan
Megan,Cote
Marie,Meneide
Michelle,Allen
Melanie,Kelley
Makayla,Kerivan
Michelle,Letourneau
Meaghan,Randall
Melanie,Stella
Marguerite,Sullivan
MARGARET,MUCHUGU
Makala,Francis
Medjine,Najac
Mario,Nevarez
Felisters,Ngoma
Michelle,Spages
Marlene,Nunez
Mollie,Sullivan
Molly,Gagnon
Molly,Durgin
Molly,Paris
Molly,Sylvia
Deborah,Daniels
Merrie Jane,Perry
Mahogany,Colbert
Mona,Kuchta
Erin,Kneeland
Monette,mccloud
Tyler,Monette
Monica,McCarthy
MONIQUE,OHAIRE
Monique,Murphy
Edward,McCann
Yves,Montina
Monty,Gada
Elijah,Moquin
Kathryn,Wallace
Luis,Morales
caridad,rodriguez
Moriah,Hill
Lori,Mahassel
Ali,Lahiani
Robert,Morrill
MORRIS,SSIMWOGERERE
Kirsten,Morro
Melissa,Ortiz
Ayeizoukumo Divine,Moses
Motee,Ukatu
Nicky,Douzable
Elizabeth,Dinin
,Dubin
Saeideh,Movaghan
Patricia,Ryan
Mozart,Telles
Melissa,Pacheco
Marina,Pinheiro
Michael,Posada
Mengqi,Li
James,Soiro
Tony,Tang
Mary,Reines
Maddie,Galvin
Michelle,Rochette
Margaret,Burke
Hector,Diaz Negron
Michael,Roberson
MAURA,ROBERTS
Melissa M,Robles Perez
Molly,Chronister
Meade,Rouzard
Marie-Joviane,Phelimond
Raymond,Rodriguez
Daviana,Rivera
Ans,Castro
Danielle,Nasri
wendy,Smith
Ryaneesha,Rice
Paul,Moskevitz
Diveda,Segura
Marisol,Garcia-Sanchez
Nikia,Butt
Yin,Guan
Oreanne,Rodrigues
Blandine,Sufran
 Malika,Brown
Malika,Brown
Tina,Coleman
Marisol,Colon
Leslie,Marshall
Michael,Shea
Heidi,Heard
Heidi,Heard
Malek,Slama
Mia,Slater
Megan,Smith
Michelle,Snelling
Marie,Snizek
Mary,Soeur
Marie,Souffrant
Marisa,Sousa
Robin,Williams
Michelle,Stevens
Matthew,Tamash
Michael,Tavares
Marie,Ternival
Tracy,Murphy
Angelina,Stefanick
Maura,Tuso
Margo,Tuzzo
Mukiya,Alexander
majid,sheikh
Nitya,Sharma
David,Marion
Barbara,Murray
Mustefa,Furmiso
Paul,Muvunyi
Maryann,Santillo
Marie,Valmond
Matthew,Costello
Mauricio,Rosa
Michael,Villanueva
Stella,Mwangi
Maureen,Woodward
Holly,Enos
Noreen,Camelo
Vicki,Hairston
Jumah N,Yarkpawolo
Moses S,Yarkpawolo
Mydarline,Delva
Sonia,Rodriguez
Mary,Young
marie,calixte st vil
Myrella,de Melo-Medeiros
heaven,sligh
Jennifer,Koslowsky
TANYA,WINTZEL
Victoria,Harden
Nadia,Bulekova
Rhonda,Wiles
nadia,lawrence
Nadine,Santiago
Angela,Pulsone
eveline,teixeira
DORAH,NAKASI
Emilienne,Desfourneaux
Noime,Alves
nancy,greene
Nancy,Buonopane
Nancy,Mena
nancy,stark
Nancy,Jean
Nancy,Kidd
Naomi,Bloomingdale
Naomi,Nommi
Naomi,Papale
Shatavia,Narcisse
Nash,Mbugua
Nataley,Castillo
Natalie,Hankerson
Natalie,Constantine
Natany,Lopes
Natasha,Sullivan
Natasha,Pappoe
Natasha,Tejeda
Natasha,Young
Nathan,Mente
Nathanais,Madera
Nathanais,Madera
Nathane,Machado
Natonya,Williams
David,Pearson
Natanny,Simões
Natasha,Abdalla-Muigai
Naomi,Betancourt
Narda,Bondah
Nicole,Bobadilla
Noelle,Bosselman
Nikolay,Buzhin
Nathalie,Cherie
Nicole,Cirami
Natalie,Graves
Nadege,Dorvilier
Niosa,Docanto
Neal,Dave
Emily,Neel
Neesa,Turowsky
Neisha,Perez
Kaneisha,Poole
Neli,Ramos
Jamesline,Leger
Jamesline,Leger
Vanessa,Restrepo
Vanessa,Selo-Ojeme
Karen,Thornton
Nora,Newman
Dana,Medeiros
Natalia,Falcone
phionah,nanfuma
Lan,Nguyen
Thuvan,Nguyen
Quang-Hai,Nguyen
Nicole-paige,Hayes
Nicole,Patti
Nichole,Boutin
Nichole,Sproul
Nicholas,Jacobberger
Nickelson,Jacques
nicole,brennan
Nicholas,Sibley-Jett
Niurka,Perez
Nicole,Savino
Nicole,Abreu
Nicole,Boudreau
Nicole,Gonzale
Nicole,Kurlyandchik
Nicole,Schmitz
Nicole,Morawski
Nicole,Purtell-Hill
Nicole,Vargas
NICOLE,STANLEY
Nicole,Richardson
Niell,Miranda
Lissa,Ramirez
Nik,Doherty
Antiapie,Reid
Nikela,Jimenez
NIKELANDYS A.,TEJEDA DE PEREZ
DaNesha,Biggs
Nilsa,Sosa
Nina,Nguyen
Angilina,Edwards
Niove,Sanabia
Niraji,Nesaratnam
Erin,McLaughlin
vanessa,jordan
Neal,Dave
Christine,Muriithi
Chelsea,Njoku
Nicolette,PELTIER-Bender
Nkeihuka,Opara
Nkeihuka,Opara
Florence,Kimanzi
Nicole,Kynard
Neil,MacInnes-Barker
nicole,deluca
Neila,Medeiros
Nicole,Colon
Nicole,Moge
Nefeteria,Moore
Nicole,Morawski
Nivea,Robinson
Noah,Arehart
Noah,Kasirye
Elaine,Phillips-Noble
Noelle,DeFrancesco
Noelle,Butler
Noelle,Dignan
Noelle,Curtin
Marion,Matthews
Natalia,Kurpiel
Marisa,Castanon
Brittany,Davis
NORENE,GACHIGNARD
Norma,Ochiche
John,Norris-esser
Niyati,Bhatt
Nicholas,Pontes
Michelle,Dargie
Nichole,Finch
nancy,rowe
Nancy,Doyle
Nancy,Wilson
Nola,Spain-Jefferson
Nichole,Stahmer
Nathan,Bellerose
Nichole,Trudon
Nubia,Osorio
keira,frazier
Stephenie,Hamilton
Nicola,Walcott
Kelvin,Nwodo
Jarisha,serrano ortega
Nyishyari,Marrero
Saraya,Patterson
Zaniab,Nadeem
nicole,zungoli
uju,mirilla
Oprah,Boateng
Odalys,Colon
Octavio,Gonzalez
Odel,Ziah
Lori,Maddock
OGECHI,NWOSU
Loretta,DeGrazia
Kareem,Olaniyi
Oktawia,Gielarowiec
Gina,Maduegbunam
Olesya,Dewey
Olga,Silva
Caroline,Oliver
Olive,Gloman
Oliver,Keller
OLIVER,WARIGIA
Olivia,Ouellette-Falkenstein
Olivia,Macomber
Olivia,Michienzi
Olivia,Feole
Olivia,Peltier
Tomisin,Olayinka
Olivia,Mather
Fanny,Omionga
Omayra,Santana
Owen,Njoroge
Ijeoma Olivia,Okeke
OLIVIA Ijeoma,Okeke
Oona,Robertson
Om Prakash,Narayan
Sean,Hanlon
Andrea,Chatis
Alexis,oriakhi
Orin,Rozenberg
Cristina,Ortiz
Ana,Ortiz
Sheri,Ortiz
Olena,Sargsyan
Osazee,Otoadese
Osazuwa,Aikpitanyi
Oscar,Diaz Beckford
Oscar,Rosario
Yamilette,Otero
Michael,othmer
Taina,Rivera
Michael,Miller
William,Sprague
Paula,Gasparoni
Patricia,Jung
Robert,Maseda
Jessica,Pacheco
PADDY,KRISHNA
Holly,Zachos
Patrick,Muwanguzi
Paige,Sirois
Paige,Morrow
Evelyn,Paijebo
Victoria,Pajak
Patricia,Keating
Pamela-Jean,Gauthier
Pamela,Smith
Pamela,Mogavero
Pamela,Melanson
Christina,Panajoti
Parissa,Wallace
Nadege,Parker
Alisha,Parker
Jesse,Bedard
Stephen,Mbapngong
Patricia,Barnwell
patricia,haynes
Patience,Kollie
Patinya,Whitehead
Patrice,Crevier
gracia,correia
Patrick,Opara
Inkamuzindi,Nyafuraha
Patrisha,Henderson
Patricia,Coutain
Paula,Bilorio
Paula,Madrid
Paula,Flammia
Paula,Mulqueen
Paula-Jean,Santucci
Paul,Allen
Paul,Kelly
Paulos,Arepa
Pamela,Von Busch
Patrivia,Wills
Patricia,Marughu
Paula,Braun
Priscilla,Acosta
Carlos,Cabral
Patrick,Curran
Peter,Carberry
Pamela,Ferrante
Monica,Bourgette
Paul,Seabury
Xiomara,Pearson
Maxine,Griffiths
Pedro,Fontes
Peter,Njau
Amber,Peixoto
Pevel,Jordan
Michael,Pelletier
Rachel,Pendleton
Penelope,Dring
April,Pepin
Tanairis,Pereyra
Scarlett,Gonzalez
Yearlean,Perez
Peter,Johnson
Peter,Oliveira
Anicia,Prinston
Justine,Petruzzo
Taylor,Pettey
sinhthi,nguyen
Phatania,Exume
Philip,Fonseca
Virginie,Philippe
Philip,Pham
Phoebe,Odhiambo
Porcsha,Hunter
Amy,Phan
PHUONG,HUYNH
Piereline,Jean
Cindy,Pierre
Taksapond (Pim),Patterson
Melissa,Elmali
Kristin,Pino
Juliana,Pires
Latoya,Jones
Pamela,McDougal
Paul,Padula
Kira,Murphy
Catherine,Ferrante
Philip,Pham
Patricia,Boland
Paul,McSoley
PETER,FRANK
Peter,Monaghan
Peniel,Mugo
Dorys,Gonzalez
Paula,Ribeiro
Keyla,Prado
PRATIBHA,GOLECHA
Anne,Pratt
Precious,Pabon
CAPRICE,ALLEN
Gladys,Njenga
Prince,Boykai
princess,Haluwah
Prisca,Joseph
Priscila,Assis
Priya,Patel
terrance,propper
helen,muya
Pimpesan,Supple
philippa,Braimah
Susan,McLaughlin
PETER,NDUTA
Raven,Perry
Peter,Dearing
Paula Andrea,Tropeano
ESTEFANY,PUJOLS
Karl,Pulaski
Laura,Kramarz
Melissa,Huard
Nicolle,Sanders
Rose,Bimmah
Edo,Qasim
ronald,Williams
Quanisha,Cannon
Quatisha,Green
June,Tuitt
Richard,"Abraham, Jr., RN-BSN"
Rabia,Bukhari
April,Rachel
Rachel,Raposa
Rachael,Joseph
rachel,gjika
Rachel,Schurko
Rachel,Allbright
Rachel,Kahn
Rachel,Nunes
Rachel,Marshall
Rachel,Vafides
Linda,Wheeler
rae-ann,jackson
Raeshaun,Holmes
Rafael,Nomelini
Rafelina,Garcia
Rafael,Weidenfeld
Rajandeep,Dhariwal
Patrice,Lilleyramgeet
Randi,Dean
Raquel,Figueiredo
raquel,pieraldi
rafael,valera
Lynn,Marinelli
Ruby,Perry
raul,olivares
Jacquelyn,Rawan
Rachael,Manoogian
Raymonde,Pierre-Louis
Raymond,Swanson
Meriem,Bazakh
Richard,Bernard Jr
Robert,Brady
Ryda,Chea
Ryan,Hurley
Rob,Cocca
Deysi,Rodriguez
Reaghan,Hunt
Reanna,Locke
Rebecca,Menzie
Rebecca,Adams
Rebecca,Clemens
Rebecca,Maldonado
REBEKAH,JAMES
Shari,Gardner
Krystle,Jimenez
Emily,Rees
Regina,Fox
Regina,McLaughlin
Reichley,Tambi Mokom
Rebecca,Wilder
Denise,Quinn
Renata,Gremiao
Rene,Pregent
Renee,De lima
Renee,Gladu
Renee,Laplante
Renee,Liu
Renee,Petell
Renee,Riker
Rene,Lessard Reiss
Renata,Lewandowska
Kilian,Rentrup
Renu,Dahal Bhandari
Heather,Leroux
Richard,Salinas
Stephanie,Resende
Yumar,Villaparedes
Kheary,Reth
June,Price
Reyna,Saintfort
Ryan,Gabbett
Rebecca,Garneau
Ruth,Carreiro
Ryan,Grady
Rhafaella,E Silva
Rebecca,Harnois
Rachel,DeWolf
Rhiannon,Chouinard
Rachel,Hitchcock
Raymond,Larocque
Rhoda,Kissi
Rhonda,Shortt
maria,herbert
Ricardo,Nicolas
Richard,Davies-Doku
Richard,Morency
Richard,Mullens
Sara,Connelly
Riley,Devlin
Riley,Marion
Pierre-Rina,Van Romondt
Elizabeth,Njihia
Christian,Rios Arango
Ritchmey,Destin
Saribel,Rivera
Sheila,Rivera
Joan,Rivera-Walker
rae-ann,jackson
Rebecca,Martel
Rebecca,McLaughlin
Regine,Duverneau
Rebecca,Martel
Rania,Karim
Mi,Kim
Rachel,Mondschein
Robert,Mccratic
Romy,Armiger
Rachel,Plukas
Rachel,Matton
Ruth,Mbambali
Regina,McCarthy
Robin,McElhenny
Rachel,Clay
Ruben,Melendez
rebecca,mellen
Ryan,Meserve
rosemarie,gentile
Robert,Rigordaeva
Robyn,Rizzo
Allyson,Young
Dawn,Garnett
Ryann,McChesney
Roland,Nzefeh
Robert,Armbrester
Robert,Kelly
Robert,Savoie
Roberta,Baptiste
Robert,Faulkner
Robert,Gallagher
Roberto,Bernal
Roberto,Cadiz
Robert,Cummings
Susan,Ward
Robin,Paille
Robin,Hengen
Robin,Kirkorian
Robin,Lundrigan
Robin,Riel
Yaitza,Robles
Robyn,Howard
Robyn,Schneider
Rocio,Paniagua
Meredith,Robinson
Kelly,Tria
Diana,Duran
melissa,roderick
Rodney,Sadberry
CALISTAIR,RODNEY
Sonia,Rodriguez
Sonia,Rodriguez
Roger,robinson
Rogeria,Oliveira
Rodrlyne,Lugano
Roman,Murdakhayev
Marlucia,Carvalho
Jonathan,Romero
Ronald,Durham
Ronald,Cross
Ronald,Thomassin
Rosemarie,Gentile
Rhawnie,Spencer
Rosa,Adorno
Rosa,Romero
Rosa,James
Rosalyn,Delequexe
Rosa,Mejia
Rosa,Rivera
Rosemond,Asiedu
Rachel,Roseboro
Doris,Behanzin
Rose Dina,Joseph Blaise
Rose,Bazile
Rosetta,Helms
Rose,Jacob
Julia,Peterson
Rose,Karigirwa
Rosemary,Kelly Pond
Rose G.,Kokeh
Roselaure,Jean
Rosemarie,Valenzano
Joshua,Rosenfeld
Rose,Raymond
Rose Andie,Thevenin
Rosetta,Russell
Rosina,Sinigur
Rosita,Doyle
Ross,Ares
Rosy,Tavares
Cynthia,Rotondi
Roula,Kerins
Roxanne,Grayer
Robin,Peters
Rachel,Pinney
Richard,Proulx
Rachael,Raymond
Cody,Kerr
David,Desousa
Rosina,Sinigur
Enya,Skoromnova
Rachel,Drew
Richard,Stuhre
Rebecca,Warren
Ruby,Viens
Sheryl,Rueli
Rachel,Kahn
Russell,McNiff
Ruth,Azama
Ruth,Azama
Ruchama,Viljean
Richard W.,Czubinski
Rebecca,Whipp
Ryan,White
RYAN,ZENEVITCH
Ryan,Sullivan
Rylee,Nogueira
Rylee,Keis
Shelda,Brooks
Shanta,Harris
Kyla,Scott
Shaundra,Miles
Sahar,Eskandari
Sabriela,Rosendo
Stephanie,Cameron
Carolyn,Sacchiero
Sage,Cavanaugh
Sage,Chapin
Razia,Saifullah
Sainphonie,Berlus
Sajyna,Sigue
Saleema,Baxter
Stephanie,Allen
Sarah,Nakatoogo
Sally,McNicholas
sally,shay
PAMELA,SALMON
Nadege,Guillaume
Sam,Kubwimana
Samantha,White
Samantha,Gay
samantha,Jackson
Samantha,Roy
Samantha,Woodard
Samantha,Pierce
Samantha,Shumway
Samantha,Siver
Samuel,Cole
Valerie,Samedy
Shelby,Merrill
Oussama,Samih
samira,Da silva
Marie Sam Laundry,Pierre
Samantha,Allison
Samantha,Rose
Samuel,Pichette
Samantha,Zuidema
Samantha,Tekut
Samantha,Wormald
Sandra,Ferreira
Sandra,Gilbert
Sandra,Katsnelson
SANDRA,TEIXEIRA
Sandra,Banks-Obanor
SANDRA,CACERES
Sandra,Luper
Sandy,Deburgo
Sandra,Villegas
Damon,Santiago
Nelia,Santos
Sophia,Carver
Sara,Macchiano
Sara,Hernandez
Sara,Choukri
Sara,Hernandez
Sara,Jennings
Sarah,Valente
Sarah,Kermelewicz
Sarah,Fry
Sarah,Happy
Sarah,Judson
Sarah,Kennedy
Sarah,Petersen
Sarah,Boucher
Sarah,Robertson
Sarah,Hough
Sara,Kitembo
Sarah,Gregory
Sarah,Jensen
Sarah,Hill
Sarah,Keough
Sarah,Maloney Valentim
Sarah,MacCallum
Sarah,Scanlon
Sarah,Silva
Lissette,Osorio
Sara,Menard
Sara,Aierstuck
Sean,Sarault
Sarah,Park
Saroeun,Aing
sarah,carle
Lori,Sevigny
Sarika,Satishkumar
Stephen,Trainor
Savannah,Bentley
Savannah,Barros
Savannah,Tulley
Lamatu,Sawadegod
Stacia,Williams
Lisa,Young
Celestine,Nir
Stella,Bacha
Scott,Bradley
Salone,Callender
Kimberly,Cohn
Schilona,Bland
Withmaider,Casagrand
Anna,Hunter
Scott,Hartman
Scott,Lemansky
Scott,MacDonald
Shelby,Damarell
Sarah,Daum
Skylar,Davis
Sean,Burnett
Jeannine,Souza
Sheila,Andre
Sean,LeBaron
Sheila,Early
Susan,Born
Sherlyn,Sedano arzapalo
Sefakor,Dovlo
Genesis,Lopez Lambert
Iliana,Segalofff
Randi,Segatore
Timothy,Kaweesa
Ilean,Simpson
Sela,Winder
Selamawit,Tesfaye
Selina,Yaa Asantewaa
Sara,Morin
Yosan,Asfaha
Devin,Senerchia
Dapheny,Sequeira
Serena,Sarage
Serenity,Davila
Jonathan,Servello
setha,joseph
sevia,harmon
Shandrolyn,Ezhan
Kaina,Castillo
Sergeline,Fortune
Susan,Gallant
Suzanne,Barrus
Stephanie,Gyamfi-Darkwah
Shaina,Goldberg
Shaina,Hastings
shaiwon,gates
Shakara,Bailey
Shakeitha,Belmer
Shakira,Moss
Troy,Halloway
april,gagnon
Shalonda,Mattison
Shamonique,Young
shameeka,moreno
Shana,Goodwin
Theresa,Shanahan
Denise,Salmon-Shand
Shane,Bogue
Shanelle,Peoples
Shanell,Otero
Shane,McDonnell
Shania,Campbell
Peter,Shanley
Shannah,Shea
Shanna,York
Shannon,Walker
Shannon,Doolan
Shannon,King
Shannon,Ramos
Shannon,Swanson
Steve,Hanson
Shantayvia,Shepard
Shanyce,White
Shanzai,Ikhlas
Sharanique,Miranda
Shari,McGuire
Sharon,Mills
Sharon,Perryman
Shatia,Butler
shatory,badgett
Shatoya,Simmons
Shauna,Williams
Shaunta,Mccullough
Shawana,Dawson
LaShawnda,Lockett
Savannah,Shay
Sheila,Pacheco
Shazal,Zaheer
Sharon,Edwards
Kimberly,Hoy-Kennedy
Ryan,Shea
Sheba,Mubiru
Sheila,Bobola
sheila,troy
sheila,chasse
Michelle,Griffin
Shelby,Jean-pierre
Shelby,O'Brien
Shelly,Gosselin
Shelly,Gosselin
Shenika,Perry
Sheray,Williams
SHERINA,KELLY
Sherinda,Trudell
Sherley,Richemond
Sherrie,Bourne
Sherry,Bolton
Sherry,Konan
Sheryl-Ann,Carolan
Sheryl,Daigle
lacreasha,Coleman
Maitland,Ishmael
Shieda,cardwell
Shieda,Gilles
Shiela,Contreras
Jenny,Shi
Tabitha,Gitau
Shiju,Skaria
Kaitlin,Gilmere
Shirley,McAfee
Beth,Kinuthia
Shivani,Patel
Sheila,Williams
sholla,harrison
Lori,Shorey
Alicia,Shover
Scout,Husing
Shanica,Hues
Shukry,Faysal
Siddhartha,Maharjan
Siham,Zehaf
Silmara,Aquino
Silvana,Kollcinaku
Ashley,Simmons
SIMON,NJOROGE
Man,Ng
Lillian,Simpson
Cleanie,Simpreus
David,Sinagoga
GRACE,SENATUS
Siobhan,Eaton
Siobhan,Hardiman
Siomelki,Mata
Emma,Sisti
Stephanie,Jackson
Shawna,Cordeira
Sandra,Marguerite
Sabra,Oliver
Samantha,Olsen
Sandra,Saner
Stephanie,Swartzel
Sophie,Kayinza
Sheri,Knox
Susan,Keady
Spencer,Kemp
Suzette,Grocher-Guerrero
Samnang,Khem
Sora,Kim
Kenley,Santizo
Sara,Young
Sofia,Moreno Navarro
Sheena,LaMarra
Shanell,DeLaRosa
Carolyn,Slepin
Suzanne,Gustafson
heaven,sligh
Stephen Frederick,Lonsdale
Shauna,Loris
Stacey,Powell
Shelby,Lucey
Sharon,Venini
Stephen,Mancuso
Samantha,Barron
Shea,McDonough
Stephanie,Meehan
Sandra,Medina
SHANNON,GEER
Sarah,Handrahan
Khadija,Smith
Kimberly,Smith
Sandra,Mendes
Stephani,Rose
Samantha,Muir
Daniela,Bustamante
Samantha,Yee
Shawn,Nagle
Dawn,Snow-Cinq-Mars
Natalia,Siudeja
Malin,Snow
Soch,Nzerem
Sohada,Awad
Solange,Elkallassi
solene,geffrard grand pierre
Solmaria,Badillo
Solomon,Boateng
Elizabeth,Webb
Sonia,Rodriguez
LUCY,NJENGA
Dawn,Nilram
Sonya,Partridge
Sonya,Taylor
SEFANIT,HIDUG
Sophia,Gottlieb
Sophie,Zagerman
Sophie,Abimerhi
Kylie,Soter
Stephanie,Araujo
Julie,Martins
Kelly,Speenburgh
Samantha,Lawson
Samantha,Preston
Sraylin,Nhei
Sridevi,Chennakesavan
Srinidhi,Raghav
Stephenie,Robidoux
Donna,Rice
Sheryl,Rueli
SARAH,RUFFO
Sara,Evora
Sukanya,Shukla
Susana,Silva Guevara
Stephanie,Simons
Sheila,Spitzak
Stacey,Beatty
Stacey,Jakubowski
Elias,Flores
STACY-ANN,CHAMBERS
Stacy,Smith
Stacy,Sweeney
Beau,Landry
Stania,Solon
DIANNE,STANTONSANCHEZ
Stanley,Wojta
Nicole,Smith
Patricia,Birchenough
Michelle,Morfiris
Stephania,Pierre-Noel
Stefana,Gaye
Stephanie,Skrzek
Steffanie,Ramos
Stella,Virchick
Stella,Virchick
Liam,Stenson
Stephane,Barbieri
Stephanie,Singh
Stephanie,Siegel
Stephanie,Rosa -andrade
Stephanie,Andrade
Stephanie,Destin
Stephanie,Gonzalez
Stephanie,Atkinson
Stephanie,Duprey
Stephanie,Oak
Stephanie,Ortiz
Stephanie,Quintana
Stephanie,Roman
Stephanie,Bunshaft
Stephanie,Barros
Stephanie,Santangelo
stephen,plante
Stephen,Galeotalanza
Stephen,Silva
Stephanie,Rivers
Stephanie,Spuria
Stephanie,Haden
Stephanie,Baranosky
Stephen,Donkor-Boadu
Steven,Hullings
Steven,Bonda
Steven,Kibbe
Rhianna,Stevens
Steven,Schmidt
ARIANNA,STEVENSON
Lily,Stevenson
Julie,Headley
Tracy,Pereira
Barry,Stone
Theresa,Stone
Sharon,Copes
Stephanie,King
Stephen,Cano
Strawady,Ballinger
stryphanide,firmin
Christina,Strzelewicz
Paula,Stys
Susan,McCusker-Short
Susan,Sullivan
Suhyun,Son
Suleana,Grande-Claros
Paul,Sullivan
Joy,Cochrane
Summer,Winters
JOAN,NGANGA
Jane,WHITAKER
Sun,Yoo
Jenilee,Suprey
linda,miller
Susan,Saulnier
Susan,Violette
Susan,Casale
Susan,Darosa
Susan,Anderson
Susan,Fliss
Susan,Franchi
Susan,Pollock
Susan,Moser
Susan,Tidwell
Susan,Mcnamee
stephen,usavich
Suzanne,Clark
Suzanne,Melville
Suzana,Vieira
Suzan,Rago
Suzanne,Gauthier
Serena,Vahue
Stanley,Vincent
Sharon,Kinyua
Lauren,MacDonald
Samuel,Weedon
Samantha,Worthen
Sebastian,Pascal
Shailin,Rosado
Sybil,Sinclair
Sydnee,Gallant
Sydney,Wyman
Sydney,Morris
Sydney,Upham
Sylvia,Mukasa-kamyuka
Sylvia,Terlecki
Nicole,Zani
Jonathan,Szerlag
Lucy,Ogunlesi
Tina,Indieka
Toni-ann,Laberge
Suchakree,Tongkaew
Maria,Meo
Tahje,Hollins
Zaire,Mccall
Taisha,Maxwell
Taja,McCray
Takia,Stroud
Taleixca,Galindez
,Galindez Correa
Tamara,Parrott
Tamar,Gervais
Tamara,Gumbardo
TAMIKA,LEWIS
Kennara,Poteat
Tammy,McDonough
tamara,marquez
Tammy,Grant
Tammy,Bouthiller
Tammy,Silva
Tanisha,Pham
Tanisha,Whint
Tanquasia,Carpenter
Tara,Sullivan
Tara,Givens
Taryn,Randall
Taryn,Beuttler
Taryn,Delima
Natasha,Eskie-Perry
Natasha,Reyes
Tassandre,Singer-Jean
Tatenda,Mahlanza
Taunja,Golding
Kendel,Tavares
Solmary,Medina
Tawany,Irizarry
Mabel,Gonzalez
Tawni,Somers
Taylor,Blow
Taylece,Veiga
Taylee,Rebeiro
Tayleece,Young
Taylor,Le
Taylor,Bethanis
Taylor,Pimental
Taylor,Brodersen
Oliver,Tayu
Teanna,Babcock
Tess,Cooney
Steven,Camara
Teanna,Simmons
Elisa,Hereid
Tracey,Dusablon
Temitope,Obasekola
David,Tengbeh
Teresa,Busiek
Teresa,Lynch
Teresa,Roberts
Theresa,Frazier
teresa,myers
Theresa,Russo
Tessa,Irving
Aimee,Mann
Theresa,Fallon
Tamara,Flores
Teryn,Gianunzio
Timothy,O'Brien
Thais,Tibbetts
Thamar,Feitosa
Nutthanathakrit,Nonchaiya
Thayris,Savino
Thea,Meidanis
Valerie,Emerson
Colette,Emilian
Alicia,Anniballi
Thelma,Palma
Lisa,Thompson
Theresa,Jolley
Theresa,Covell
Theresa,Yuska
Karen,Faye
Rachel,Marshall
Theresa,Hemphill
Thomas,Brennan
Thomas,Postell
Lauren,Thomson
Taylor,Hopkins
Jessica,Mesick
Luana,Whitefox
thyesha,morales
Tiana,Williams
Sebastiana,Mateo
Tiara,Lavoie
Tiara,Tate
Tiara,Welch
Latiesha,Hogan
Tiffany,Alicandro
Tiffany,Inserra
Tiffany,Huynh
Tiffany,Tutt
tiffany,eggleston
Christopher,Tilley
Tim,Cooley
Timeaka, Holman
Timeaka, Holman
,Holman
Timothy,Miner
Tracey,Timmins
Kristina,Jackson
Tina,Pham
Tirell,Smith
Tisha,El-shabazz
Johanna,Costello
ted,Jeanloz
Jacqueline,Junious
Tejus,Kayiti
Mary,Walsh
Terri Jo,Phillips
Thomas,Poole
TJ,Lewin
Tabitha,Mburu
Catherine,Chang
Tyler,Kerrick
Taylor,Kozel
Thomas,La Guardia
Tomas,Lajara
Tsarah,Lindell
Tami L,Masters
Tiffany,Lopera
Theresa,Martin
Tanasith,Martineau
Taylor,Masse
Tim,McNally
Taylor,Hernon
Terri,Shirley
Tracy,Mukami
Tomasha,Thomas
Melissa,Tolan
Tabitha,Lopes
Thomas,Burzynski
THOMAS,HENEGHAN
tamas,sarosi
Toni,Baldi
Tony,Toure-Jones
Tori,Laires
Tori,Sylvia
Natasha,Cortez
Paige,Trabucchi
Michael A,Silva Sr
Tracy,Pierce
Tracy,Souda
Michael,Traore
Melissa,Ricketts
Traci,Wymann
Katelyn,Gembecki
Tristan,Campbell
Tremain,Adams
Sheileen,Tremblay
Tri,Le
Tricia,Aiston
Jonathan,"Burch, Jr"
Dylan,Thomas
Patricia,Leahy
Tristan,Kellar
Cynthia,Mendez
Taylor,Lukas
Troi,Gomes
Sheila,Troy
Jieshi,Williams
John-Ryan,Dillingham
Tamara,Saiyaitong
Tsion,Fikre
Tristan,Niedzielski
Tara,Tulley
keith,gorski
Babatunde,Olatinwo
Linh,Nguyen
Tamaya,Vaughan
Tamaya,Vaughan
Tyhesha,Taylor
Tyla,Motta
Tyler,RenZi
Caitlin,Tyler- Depina
Tynisa,Eddington
Tyler,Webber
Ugochukwu,Opara
Ugochukwu,Opara
Heather,Derosier
uju,mirilla
Ulda,Limose
Michael,Collier
Shanique,Campbell
Whitney,Urgiel
Sirlene,Rassman
Muhammad,Aslam
Felicia,Cahoon
James,Dobson
Vidalyn,Agyemang Badu
Edwige,Jacques
Valene,Baker
Valeria,Harris
Valeria,Miranda
Valerie,Ricciardi
Syndie,mathurin
Alison,Cole
Valerie,Lefebvre
Valbona,Mehmeti
Silvana,Kollcinaku
Vanessa,Ashtin
Van,Nguyen
Vanessa,Vega
Ana,Galvao
Vanuza,Evora
Varda,Toussaint
Varidos,Hendrick
Varidos,Hendrick
Astrid,Vasquez
Odilia,Vasquez
Kristina,Vassell
Vanessa,Baker
Vanessa,Dallemand
Marie,Pierre Louis
Venus,Palmer
VanEumir,Bacuetes
Veronica,Bi
Veronica,Tavares
Vicky,Long
Vicky,Alexandre
Victor,Yang
victoria,Blaides
Victoria,Lazareth
Victoria,Morton
VICTORIA,IWUH
Victoria,Carney
Keren,Vigeland
Vivienne,Nguyen
vilmarys,valentin
Vima,Thapa
Vincenza,Brantle
Yilihamu,Weinila
Stravinsky,Bolivar
Virginia,Longo
Virginia,Thompson
Christopher,Olivo
Victoria,Glasner
Veronica,Hayes
Veronica,Hayes
Vonda,Powell
Virlyne,Abellard
Viviana,Perdomo
Valerie,Renaud-Rivera
Victor,Tirado
Victoria,Styskina
Scott,MacLeod
Victoria,Torres
Monique,Vullo
Vasiliki,Vasvatekis
Vanessa,Rodriguez
Wadenise,MEZIL
Wagnar,Sousa
Christina,Wajda
Channelle,Walker
Gicharu,Elizabeth
Wambaki,Chege
Wanda,Simmons
Jason,Sherpa
Wangeci,Mathai
David,Ikanyi
Jennifer,Munge
William,Wan
Elizabeth,Wanyoike
Lindsay,Warner
Rebecca,Warren
Warren,Alexander
Wayne,Stoddard
Wendy,Belliard
Wendy,Benoit-Santiago
Wendy,Delaney
Wendy,Koblish
Wendy,Tinkham
Jeffy Wendy,Zambou
Wendy,Tinkham
Wendy,Unaegbu
Wesley,McDaniel
Rebecca,Wester
Esther,Odney
Lakeycia,West
Kimeisha,Whitehead
Whitney,McCarthy
Rosemarie,Yergeau
wideline,morisset
Wilandy,Fontil
Rebecca,Wilder
Alyssa,Wilkinson
William,Chow
Jaime Felix,Willenburg
William,Hanna
William,Vandenburgh
Brittany,Williams
Willmary,Vega
Bianca,Pierre
Wil,Mortenson
Brianna,Wing
Ryan,Winter
Theresa,Wisocky
Lisa,Cooper
Debra,Shannon
William,Mahoney
Wendy,Coelho
Wendy,Nowell
Christine,Wojnar
Henry,Stanley
Ally,Wood
Youssef,Lawendy
Derrick,Amadi
ROBERTO,NIEVES
Wendy,Arena
Jake,Wright
Chantel,Scott
William,Laverdure
Sarah,Williams
Will,Taylor
Richard,Wu
Winnie,Mukami
Amber,Davies
Javier,Salmon
Xavier,Lazcano
Maria,Dasilva
XI,XIAO
Chanelle,Smith
Christina,Stefanitsis
Catherine,Gathura
Michael,Ryan
Oscar,Jumbo
Chrystal,Price
Vidalyn,Agyemang Badu
Yadira,Bermudez
Yacqueline,Rivera Interiano
jessica,martinez
Yaelis,Roman
Yahaira,Soto
Yahaira,rondon
Yajairy,Gil Polanco
Ayana,Braithwaite
Yanique,Humbert Montima
Diane,Magiera
Yan,Zeng
Yashima,Thomas
Yasmine,Sudhu
YASSINE,EL HAMIZ
Jennifer,Yates
Yazmin,Rodriguez
Yohanna,Baez
Mary Ybet,Amalia-Albano
jasmin,stone
tracy,springer-delpeche
Angel,Vargas
Yeiry,Mercedes
Yeleiska,Caballero
Yesenia,Leon-Aguirre
Cristy,Pizarro
Yessenia,Medrano Pereira
Yohannes,Feneto
Yolanda,Leiva
Yolanda,Leiva
Brittany,York
Yaitzarie,Rodriguez
Yen,Ngo
Theresa,Yuska
Yves,Alexndre
Zachary,Ferris
Zachary,Morris
Zachary,Mullen
Zaffire,Galicia
Manny,Zahonet
Rita,Zambou
Daniel,Sa
William,Moorehead
Darrin,Dupras
Zara,Harriott
Zarka,Tahir
Zoe,Cooper
Zoe,Cooper
stephen,Rossi
Alexis,West
Zequaya,Withers
Susan,Zhang
Laura,Wei
Zooey,Miceli
Zoe,Bosenberg
Zoe,Chang
Zola,ngcobo
Zoria,Santos
Loek Jurgen,Atema
Frantzy,Rinville
